{"Best State": [0, 0, 0, 1, 0, 0, 1, 1, 0, 0, 0, 0, 0, 0, 0, 0, 0, 0, 0, 0, 0, 0, 0, 0, 0], "Best Fitness": 17.0, "Fitness Percentage": 0.3695652173913043, "Fitness Curve": [[11.0, 402.0], [11.0, 603.0], [17.0, 805.0], [17.0, 1006.0], [17.0, 1207.0], [17.0, 1408.0], [17.0, 1609.0], [17.0, 1810.0], [17.0, 2011.0], [17.0, 2212.0], [17.0, 2413.0], [17.0, 2614.0], [17.0, 2815.0]], "Wall Clock Time": 1.5400869846343994}