{"Best State": [1, 1, 1, 1, 1, 1, 0, 1, 1, 0, 1, 0, 1, 1, 1, 1, 1, 1, 1, 1, 1, 0, 1, 1, 0, 1, 0, 1, 1, 1, 1, 0, 0, 1, 1, 1, 0, 0, 0, 1, 1, 0, 0, 0, 1, 1, 1, 0, 1, 1, 1, 0, 1, 1, 0, 0, 1, 1, 1, 0, 1, 0, 0, 0, 1, 1, 1, 1, 1, 1, 1, 1, 1, 1, 1], "Best Fitness": 831.0, "Fitness Percentage": 0.5910384068278806, "Fitness Curve": [[705.0, 2.0], [710.0, 4.0], [709.0, 6.0], [711.0, 8.0], [712.0, 10.0], [712.0, 12.0], [712.0, 13.0], [711.0, 15.0], [714.0, 17.0], [714.0, 18.0], [714.0, 20.0], [716.0, 22.0], [716.0, 23.0], [716.0, 24.0], [719.0, 26.0], [719.0, 27.0], [724.0, 29.0], [726.0, 31.0], [729.0, 33.0], [735.0, 35.0], [735.0, 36.0], [735.0, 37.0], [735.0, 38.0], [735.0, 39.0], [747.0, 41.0], [747.0, 42.0], [747.0, 43.0], [754.0, 45.0], [756.0, 47.0], [756.0, 48.0], [756.0, 49.0], [756.0, 50.0], [756.0, 51.0], [756.0, 53.0], [756.0, 54.0], [767.0, 56.0], [767.0, 57.0], [766.0, 59.0], [766.0, 60.0], [766.0, 61.0], [773.0, 63.0], [773.0, 64.0], [779.0, 66.0], [779.0, 67.0], [779.0, 68.0], [779.0, 69.0], [787.0, 71.0], [787.0, 72.0], [787.0, 73.0], [787.0, 74.0], [787.0, 75.0], [798.0, 77.0], [798.0, 78.0], [798.0, 79.0], [808.0, 81.0], [820.0, 83.0], [820.0, 84.0], [820.0, 85.0], [831.0, 87.0], [831.0, 88.0], [831.0, 89.0], [831.0, 90.0], [831.0, 91.0], [831.0, 92.0], [831.0, 93.0], [831.0, 94.0], [831.0, 95.0], [831.0, 96.0], [831.0, 97.0]], "Wall Clock Time": 0.05397462844848633}