{"Training F1-Score": [0.0718232044198895, 0.601123595505618, 0.7183098591549295, 0.41491841491841486, 0.1094890510948905, 0.3573333333333334, 0.6320474777448071, 0.099644128113879, 0.159468438538206, 0.007905138339920948], "Testing F1-Score": [0.13043478260869568, 0.6005665722379603, 0.7010309278350515, 0.3569682151589242, 0.07518796992481203, 0.30083565459610023, 0.6298507462686567, 0.1258741258741259, 0.14696485623003197, 0.007905138339920948], "Fitness Curve": [[[0.9563209936685376, 1.0], [0.9563209936685376, 2.0], [0.9563209936685376, 3.0], [0.9560183971988238, 5.0], [0.9388189323129441, 7.0], [0.9388189323129441, 8.0], [0.9388189323129441, 9.0], [0.9388189323129441, 10.0]], [[0.9371023032137784, 2.0], [0.9370295691459118, 4.0], [0.9171546942282252, 6.0], [0.9171546942282252, 7.0], [0.9171546942282252, 8.0], [0.9166897147525832, 10.0], [0.9166048267093947, 12.0], [0.9166048267093947, 13.0]], [[0.7673048611848947, 1.0], [0.7673048611848947, 2.0], [0.7673048611848947, 3.0], [0.7566137270882107, 5.0], [0.7547289222534347, 7.0], [0.7547289222534347, 8.0], [0.7491696425885511, 10.0], [0.7491692440951523, 12.0]], [[1.2223120193513883, 2.0], [1.2223120193513883, 3.0], [1.2082864376134603, 5.0], [1.2082864376134603, 6.0], [1.2082864376134603, 7.0], [1.2082864376134603, 8.0], [1.2082864376134603, 9.0], [1.2082864376134603, 10.0]], [[1.0999959721285058, 1.0], [1.094539268530364, 3.0], [1.094539268530364, 4.0], [1.094539268530364, 5.0], [1.079913779292031, 7.0], [1.079913779292031, 8.0], [1.079913779292031, 9.0], [1.0745352122492653, 11.0]], [[0.7519815207011986, 2.0], [0.7486270735464446, 4.0], [0.7473898320320143, 6.0], [0.7473898320320143, 7.0], [0.7473898320320143, 8.0], [0.7472542975810601, 10.0], [0.7472542975810601, 11.0], [0.7472542975810601, 12.0]], [[1.0902019896398465, 2.0], [1.0902019896398465, 3.0], [1.0669498146588234, 5.0], [1.0640602435412234, 7.0], [1.063558544744631, 9.0], [1.063558544744631, 10.0], [1.063558544744631, 11.0], [1.0618638088228312, 13.0]], [[1.0873168950999488, 1.0], [1.0866526227377302, 3.0], [1.0866526227377302, 4.0], [1.08642482544886, 6.0], [1.08642482544886, 7.0], [1.08642482544886, 8.0], [1.08642482544886, 9.0], [1.0861757722984637, 11.0]], [[0.8078569391961651, 1.0], [0.8020216479915601, 3.0], [0.8016436051754101, 5.0], [0.8016436051754101, 6.0], [0.8006902529979657, 8.0], [0.8006902529979657, 9.0], [0.8006902529979657, 10.0], [0.8006902529979657, 11.0]], [[2.641061160424536, 2.0], [2.6407373050766774, 4.0], [2.625923251099337, 6.0], [2.625923251099337, 7.0], [2.623603447643608, 9.0], [2.623603447643608, 10.0], [2.623603447643608, 11.0], [2.623603447643608, 12.0]]], "Wall Clock Time": [0.008208990097045898, 0.007523775100708008, 0.006979227066040039, 0.006003856658935547, 0.006536006927490234, 0.00713801383972168, 0.007522106170654297, 0.00658106803894043, 0.006697177886962891, 0.006979703903198242]}