{"Best State": [1, 0, 1, 1, 0, 1, 0, 1, 0, 0, 1, 0, 0, 1, 0, 1, 0, 1, 0, 1, 1, 0, 1, 0, 1, 0, 1, 0, 0, 1, 0, 1, 0, 0, 1, 0, 1, 0, 1, 0, 1, 0, 1, 0, 0, 1, 0, 1, 0, 1, 0, 1, 0, 1, 0, 1, 0, 1, 0, 1, 0, 1, 0, 0, 1, 0, 1, 0, 1, 0, 1, 0, 0, 1, 1, 0, 1, 0, 1, 1, 0, 1, 0, 0, 1, 0, 0, 1, 0, 1, 0, 1, 0, 1, 0, 1, 0, 0, 1, 0, 1, 0, 1, 0, 1, 0, 1, 0, 1, 0, 1, 0, 1, 0, 1, 0, 0, 1, 0, 0, 1, 0, 1, 0, 0], "Best Fitness": 107.0, "Fitness Percentage": 0.8629032258064516, "Fitness Curve": [[78.0, 102.0], [78.0, 153.0], [78.0, 204.0], [78.0, 255.0], [79.0, 307.0], [81.0, 359.0], [81.0, 410.0], [81.0, 461.0], [81.0, 512.0], [81.0, 563.0], [81.0, 614.0], [81.0, 665.0], [85.0, 717.0], [85.0, 768.0], [89.0, 820.0], [89.0, 871.0], [89.0, 922.0], [89.0, 973.0], [89.0, 1024.0], [90.0, 1076.0], [90.0, 1127.0], [93.0, 1179.0], [93.0, 1230.0], [93.0, 1281.0], [95.0, 1333.0], [95.0, 1384.0], [95.0, 1435.0], [95.0, 1486.0], [96.0, 1538.0], [97.0, 1590.0], [99.0, 1642.0], [99.0, 1693.0], [99.0, 1744.0], [99.0, 1795.0], [101.0, 1847.0], [101.0, 1898.0], [101.0, 1949.0], [102.0, 2001.0], [102.0, 2052.0], [102.0, 2103.0], [103.0, 2155.0], [103.0, 2206.0], [103.0, 2257.0], [105.0, 2309.0], [105.0, 2360.0], [105.0, 2411.0], [105.0, 2462.0], [105.0, 2513.0], [105.0, 2564.0], [105.0, 2615.0], [105.0, 2666.0], [105.0, 2717.0], [107.0, 2769.0], [107.0, 2820.0], [107.0, 2871.0], [107.0, 2922.0], [107.0, 2973.0], [107.0, 3024.0], [107.0, 3075.0], [107.0, 3126.0], [107.0, 3177.0], [107.0, 3228.0], [107.0, 3279.0]], "Wall Clock Time": 0.19924497604370117}