{"Best State": [1, 1, 1, 1, 1, 1, 1, 1, 1, 1, 1, 1, 1, 1, 1, 1, 1, 1, 1, 1, 1, 1, 1, 1, 1, 1, 1, 1, 1, 1, 1, 1, 1, 1, 1, 1, 1, 0, 1, 1, 1, 1, 1, 1, 1, 1, 1, 1, 1, 1, 1, 1, 1, 1, 1, 1, 1, 1, 1, 0, 1, 1, 1, 1, 1, 1, 1, 1, 1, 1, 1, 1, 1, 1, 1, 1, 1, 1, 1, 1, 1, 1, 1, 1, 1, 1, 1, 1, 1, 1, 1, 1, 1, 1, 1, 1, 1, 1, 1, 1, 1, 1, 1, 1, 1, 1, 1, 1, 1, 1, 1, 1, 1, 1, 1, 1, 1, 1, 1, 1, 1, 1, 1, 1, 1, 1, 1, 1, 1, 1, 1, 1, 1, 1, 1, 1, 1, 1, 1, 1, 1, 1, 1, 1, 1, 1, 1, 1, 0, 1], "Best Fitness": 5405.0, "Fitness Percentage": 0.9608888888888889, "Fitness Curve": [[2889.0, 102.0], [2889.0, 153.0], [2909.0, 205.0], [2944.0, 257.0], [2944.0, 308.0], [3015.0, 360.0], [3015.0, 411.0], [3015.0, 462.0], [3091.0, 514.0], [3091.0, 565.0], [3091.0, 616.0], [3091.0, 667.0], [3091.0, 718.0], [3159.0, 770.0], [3207.0, 822.0], [3232.0, 874.0], [3232.0, 925.0], [3354.0, 977.0], [3354.0, 1028.0], [3366.0, 1080.0], [3492.0, 1132.0], [3498.0, 1184.0], [3498.0, 1235.0], [3525.0, 1287.0], [3631.0, 1339.0], [3735.0, 1391.0], [3735.0, 1442.0], [3735.0, 1493.0], [3746.0, 1545.0], [3775.0, 1597.0], [3939.0, 1649.0], [3939.0, 1700.0], [3939.0, 1751.0], [3956.0, 1803.0], [3975.0, 1855.0], [4127.0, 1907.0], [4164.0, 1959.0], [4164.0, 2010.0], [4209.0, 2062.0], [4308.0, 2114.0], [4380.0, 2166.0], [4380.0, 2217.0], [4507.0, 2269.0], [4539.0, 2321.0], [4556.0, 2373.0], [4626.0, 2425.0], [4682.0, 2477.0], [4741.0, 2529.0], [4741.0, 2580.0], [4773.0, 2632.0], [4920.0, 2684.0], [4927.0, 2736.0], [4927.0, 2787.0], [4927.0, 2838.0], [4933.0, 2890.0], [4946.0, 2942.0], [4946.0, 2993.0], [5042.0, 3045.0], [5110.0, 3097.0], [5110.0, 3148.0], [5110.0, 3199.0], [5110.0, 3250.0], [5127.0, 3302.0], [5127.0, 3353.0], [5188.0, 3405.0], [5188.0, 3456.0], [5189.0, 3508.0], [5191.0, 3560.0], [5191.0, 3611.0], [5255.0, 3663.0], [5255.0, 3714.0], [5261.0, 3766.0], [5262.0, 3818.0], [5330.0, 3870.0], [5334.0, 3922.0], [5334.0, 3973.0], [5334.0, 4024.0], [5334.0, 4075.0], [5405.0, 4127.0], [5405.0, 4178.0], [5405.0, 4229.0], [5405.0, 4280.0], [5405.0, 4331.0], [5405.0, 4382.0], [5405.0, 4433.0], [5405.0, 4484.0], [5405.0, 4535.0], [5405.0, 4586.0], [5405.0, 4637.0]], "Wall Clock Time": 10.292989253997803}