{"Best State": [1, 1, 1, 1, 1, 1, 1, 1, 1, 1, 1, 1, 1, 1, 1, 1, 1, 1, 1, 1, 1, 0, 1, 0, 1, 0, 0, 0, 0, 0, 1, 0, 1, 0, 1, 0, 0, 0, 1, 1, 0, 0, 0, 0, 0, 0, 1, 0, 0, 0, 1, 1, 1, 0, 0, 1, 0, 0, 0, 1, 1, 0, 1, 1, 0, 1, 1, 0, 0, 1, 0, 1, 0, 0, 0, 0, 0, 1, 0, 0, 1, 1, 1, 0, 0, 1, 0, 1, 0, 0, 0, 0, 0, 1, 1, 0, 0, 1, 1, 1, 1, 0, 0, 0, 0, 1, 1, 1, 1, 1, 0, 1, 0, 0, 1, 0, 1, 0, 1, 1, 1, 0, 0, 0, 0, 0, 0, 1, 0, 0, 0, 1, 1, 1, 0, 0, 0, 1, 0, 0, 0, 0, 0, 1, 0, 1, 0, 0, 0, 1, 0, 0, 1, 1, 1, 1, 0, 1, 0, 0, 0, 0, 1, 0, 1, 0, 1, 1, 1, 0, 0, 0, 0, 0, 0], "Best Fitness": 21.0, "Fitness Percentage": 0.06501547987616099, "Fitness Curve": [[8.0, 102.0], [8.0, 153.0], [10.0, 205.0], [10.0, 256.0], [11.0, 308.0], [11.0, 359.0], [12.0, 411.0], [12.0, 462.0], [12.0, 513.0], [12.0, 564.0], [12.0, 615.0], [12.0, 666.0], [15.0, 718.0], [15.0, 769.0], [15.0, 820.0], [18.0, 872.0], [18.0, 923.0], [18.0, 974.0], [18.0, 1025.0], [21.0, 1077.0], [21.0, 1128.0], [21.0, 1179.0], [21.0, 1230.0], [21.0, 1281.0], [21.0, 1332.0], [21.0, 1383.0], [21.0, 1434.0], [21.0, 1485.0], [21.0, 1536.0], [21.0, 1587.0]], "Wall Clock Time": 0.042742013931274414}