{"Best State": [1, 1, 0, 0, 1, 1, 0, 1, 0, 1, 0, 1, 1, 0, 0, 1, 0, 1, 1, 0, 1, 0, 1, 0, 0, 1, 1, 0, 0, 1, 0, 1, 1, 1, 0, 1, 0, 1, 0, 1, 0, 0, 1, 1, 0, 0, 1, 0, 1, 0, 1, 0, 1, 0, 1, 0, 1, 0, 1, 0, 1, 0, 1, 1, 1, 0, 1, 1, 0, 1, 1, 1, 0, 1, 0, 1, 1, 0, 0, 1, 0, 0, 1, 0, 1, 1, 0, 0, 1, 1, 0, 1, 0, 0, 1, 1, 0, 1, 1, 0, 1, 1, 0, 0, 1, 0, 0, 1, 0, 1, 0, 1, 1, 0, 1, 0, 1, 0, 0, 1, 0, 1, 1, 0, 1, 1, 0, 1, 0, 1, 0, 1, 0, 1, 0, 0, 1, 0, 0, 1, 0, 1, 0, 1, 0, 1, 1, 0, 1, 1, 0, 1, 0, 1, 0, 0, 1, 1, 0, 1, 1, 0, 1, 0, 1, 0, 1, 0, 1, 1, 0, 1, 0, 1, 0, 1, 0, 1, 0, 1, 0, 1, 0, 1, 0, 1, 0, 1, 0, 0, 1, 0, 1, 1, 1, 0, 1, 0, 1, 0, 1, 0, 0, 1, 1, 1, 1, 0, 1, 0, 1, 0, 1, 1, 0, 1, 0, 0, 1, 0, 1, 0, 1, 0, 1, 1, 0, 1, 0, 1, 0, 1, 0, 1, 0, 1, 0, 1, 0, 0, 1, 0, 1, 0, 1, 0, 0, 0, 1, 0], "Best Fitness": 193.0, "Fitness Percentage": 0.7751004016064257, "Fitness Curve": [[146.0, 102.0], [147.0, 154.0], [147.0, 205.0], [147.0, 256.0], [147.0, 307.0], [148.0, 359.0], [148.0, 410.0], [148.0, 461.0], [148.0, 512.0], [155.0, 564.0], [155.0, 615.0], [155.0, 666.0], [155.0, 717.0], [155.0, 768.0], [155.0, 819.0], [155.0, 870.0], [155.0, 921.0], [157.0, 973.0], [161.0, 1025.0], [161.0, 1076.0], [161.0, 1127.0], [163.0, 1179.0], [163.0, 1230.0], [163.0, 1281.0], [165.0, 1333.0], [173.0, 1385.0], [173.0, 1436.0], [173.0, 1487.0], [173.0, 1538.0], [173.0, 1589.0], [173.0, 1640.0], [175.0, 1692.0], [177.0, 1744.0], [177.0, 1795.0], [181.0, 1847.0], [181.0, 1898.0], [181.0, 1949.0], [181.0, 2000.0], [181.0, 2051.0], [181.0, 2102.0], [183.0, 2154.0], [183.0, 2205.0], [183.0, 2256.0], [185.0, 2308.0], [185.0, 2359.0], [187.0, 2411.0], [187.0, 2462.0], [189.0, 2514.0], [189.0, 2565.0], [189.0, 2616.0], [189.0, 2667.0], [191.0, 2719.0], [191.0, 2770.0], [191.0, 2821.0], [191.0, 2872.0], [191.0, 2923.0], [191.0, 2974.0], [191.0, 3025.0], [191.0, 3076.0], [193.0, 3128.0], [193.0, 3179.0], [193.0, 3230.0], [193.0, 3281.0], [193.0, 3332.0], [193.0, 3383.0], [193.0, 3434.0], [193.0, 3485.0], [193.0, 3536.0], [193.0, 3587.0], [193.0, 3638.0]], "Wall Clock Time": 0.33272790908813477}