{"Training F1-Score": [0.7822222222222222, 0.8410041841004184, 0.8711656441717791, 0.828752642706131, 0.8275862068965517, 0.8340248962655602, 0.8553459119496855, 0.8343815513626834, 0.8319327731092437, 0.8618556701030927], "Testing F1-Score": [0.7688984881209503, 0.8081632653061224, 0.8170731707317073, 0.7949260042283298, 0.7831325301204819, 0.7901234567901235, 0.8164948453608247, 0.8025210084033613, 0.7966457023060798, 0.8179959100204499], "Fitness Curve": [[-1.649584972415027, -0.7598894021719288, -0.6369709013783514, -0.6036993079162271, -0.5782521821733555, -0.5558268232246065, -0.537834803097371, -0.5230046067784722, -0.5144928289258477, -0.5082981734660571, -0.503206907805607, -0.498243834049927, -0.49402578789758805, -0.4899629177397608, -0.48617582303411777, -0.4825015107078566, -0.4786903573489564, -0.4750752831463721, -0.4709530471975561, -0.467255281285305, -0.463719872063891, -0.4604501469515637, -0.4574566149620988, -0.45436544115960564, -0.4515829218493724, -0.4489170573004164, -0.44628833639828525, -0.44312516397632123, -0.4400763586110288, -0.4375729132344735, -0.43538429625112895, -0.4332124429600551], [-1.629310520041519, -0.6556460283926661, -0.6198366662636834, -0.6058491616606634, -0.593388486000802, -0.5822999330678711, -0.5713559595453412, -0.5608276041871342, -0.5508754955388124, -0.5421622688523386, -0.5329897367763552, -0.5248893921997505, -0.5178049899351155, -0.5117052661788306, -0.5056857893128125, -0.4998460309080891, -0.49398659174179405, -0.4878014279918291, -0.4819271238711256, -0.47585141814175924, -0.4693146385273397, -0.46283448680513833, -0.4566461013710615, -0.45058721260399365, -0.44439291164316014, -0.43821338174419483, -0.43232318806940223, -0.4266926267930863, -0.42115109158638914, -0.4155270727014488, -0.4104403493216501, -0.405962678363778], [-1.360286011517938, -1.3704881506751538, -0.5508509413265557, -0.5283230480927162, -0.5092470609696828, -0.4935308889265586, -0.4804990017650449, -0.46919429924382006, -0.45959960255107, -0.4512619330005553, -0.44431594489313614, -0.43849466078859517, -0.43358048189962484, -0.42914568597508823, -0.4249696217458206, -0.42129413136496896, -0.41788045005759705, -0.4147955778776799, -0.41155737521979274, -0.40843471451939, -0.40549694368883477, -0.40292668932321346, -0.4005821539430161, -0.39837757705027826, -0.3963511083064876, -0.394444102889807, -0.39252897052492874, -0.3907444608659925, -0.38909204069536724, -0.38748110312847756, -0.38583553755749855, -0.38432536291575287], [-1.2711025126001272, -0.9385944416773254, -0.6672677582815092, -0.5876252966426342, -0.5583607285760129, -0.537100251228996, -0.5197946311574919, -0.505760179501482, -0.49449896097477025, -0.48485883951186476, -0.47747240026228116, -0.47123115761811973, -0.46628556548681827, -0.46224940588687763, -0.4585953997235293, -0.45464561438328327, -0.4509870445825184, -0.4479209773787179, -0.44524963581656474, -0.44269516414226784, -0.44034119675482924, -0.43830243438207145, -0.43644962940186377, -0.4346408089364328, -0.4326756194222975, -0.43077249059324585, -0.4289985414403271, -0.4272795537962257, -0.4254616751003853, -0.42377246156836507, -0.42215778271029125, -0.420566108878225], [-0.6416018309503015, -0.6253477049529897, -0.6157491180218108, -0.6073605535135582, -0.5996048329175288, -0.5933171166962827, -0.5880340951835314, -0.5833655911916823, -0.578850354021561, -0.5741986168114437, -0.5691831513418207, -0.5648088582468386, -0.5608208577088917, -0.5576219221034843, -0.554178012601976, -0.550904907751765, -0.5478315855203787, -0.544863996900119, -0.541799981560798, -0.5387820872830671, -0.535518655690135, -0.5319374941324618, -0.5277408335400883, -0.5227951801853363, -0.5159495726300718, -0.5078401267207353, -0.4985992764180744, -0.48865481157658536, -0.47734347350212825, -0.46626129270218736, -0.45337327690622636, -0.44246857516759475], [-1.3578413095688668, -1.2265142045742268, -0.7016459860073403, -0.5623499107462901, -0.5272724550953192, -0.5001382594871322, -0.47771383121128913, -0.460316300457445, -0.4480395062053491, -0.43979175123409264, -0.43353977315443076, -0.4289187082145474, -0.42566899339613873, -0.4228116066856921, -0.42038719491497684, -0.4180638029241255, -0.4158355546017383, -0.41392789459230506, -0.4122377100374475, -0.4107065857927679, -0.40912451514951476, -0.4076025698044739, -0.40615958812160446, -0.40474709035344936, -0.40319476789964837, -0.40175214210812066, -0.4004059675376549, -0.3990429295390666, -0.39769942584306955, -0.3965976805696465, -0.395632808098481, -0.3946535428527676], [-1.2305587956774253, -0.716035300987987, -0.6562867531713464, -0.6317519892105943, -0.610088512824478, -0.5965423915362688, -0.5800084304219676, -0.5700669692366148, -0.5634626756292386, -0.5711750279460855, -0.5379023016581818, -0.5326478902213672, -0.5184741523978476, -0.5140865763043115, -0.5054437695769299, -0.5092042674231979, -0.48605168450470354, -0.47651785639956257, -0.4703324598764376, -0.46632411187462297, -0.4536614010402358, -0.4466784635370893, -0.4362585281492478, -0.42898368013924465, -0.42006130528275254, -0.41292709185942283, -0.40629451808988404, -0.40053391312803127, -0.3958450091536304, -0.39191624465096825, -0.3887592831357878, -0.38598197899515935], [-2.5450081984339503, -1.0350917140361735, -0.6685872562619093, -0.6583906821521041, -0.6480640350688822, -0.6376628162451604, -0.6264022570852408, -0.6135454848742292, -0.6009130309833783, -0.5887861822306948, -0.5755932344258152, -0.5619731306114725, -0.5481582558395811, -0.5354934609494688, -0.5229381092087012, -0.5100076776246134, -0.49750819975624416, -0.485547786491862, -0.4739696178794426, -0.46293915262828217, -0.4534023091437541, -0.44540157599262487, -0.4382267667850192, -0.43171755314076926, -0.4260179531221318, -0.4211458180962362, -0.41717600811463207, -0.41350121475701473, -0.4103585052756529, -0.40760858892738394, -0.40524231733570365, -0.40313000630567697], [-1.537053895816519, -0.7067878225469447, -0.6848764469111223, -0.6730361054608491, -0.6641818822845221, -0.6562448763876808, -0.6465641301608585, -0.6352781906819535, -0.6245562161302364, -0.6136981815552092, -0.6018427312947346, -0.5908416338507432, -0.5791068270622634, -0.5679244328175536, -0.555865118327671, -0.5451267528172457, -0.5347731771870038, -0.5249875477705751, -0.515620731491434, -0.5069568776942452, -0.49849985697398164, -0.49093347911407104, -0.48378797918568783, -0.4770019389635555, -0.47045741589162826, -0.46426953640256224, -0.45880359516805597, -0.45384388669629017, -0.44935642664179865, -0.4449230186390365, -0.4410761155596719, -0.43779267003537686], [-0.8080359499819476, -0.5390962743403652, -0.4884280692870999, -0.4689809698537311, -0.45883613185770966, -0.45158215091535064, -0.4456289415985348, -0.44075994689628006, -0.43643244940305537, -0.43306741793617176, -0.43010853232310214, -0.42745175866322166, -0.4250604340690194, -0.42272957038556797, -0.4205569221329691, -0.4185609386215417, -0.41672852498078133, -0.4148087681336499, -0.4131502244316023, -0.4116512898736256, -0.41019197310476463, -0.40867532756100206, -0.40700660267273847, -0.40546918498926754, -0.4040312957168193, -0.40251217747638207, -0.40097199888108986, -0.3993742896150192, -0.39781799527560946, -0.3962658214160736, -0.3947475647832003, -0.39329573095532677]], "Wall Clock Time": [0.02730083465576172, 0.027296066284179688, 0.027574777603149414, 0.027341127395629883, 0.027379989624023438, 0.027648210525512695, 0.027233123779296875, 0.02733325958251953, 0.027612924575805664, 0.027629852294921875]}