{"Best State": [0, 1, 0, 1, 0, 1, 0, 1, 0, 1, 1, 0, 1, 0, 1, 0, 0, 1, 0, 0, 1, 0, 1, 0, 1, 0, 1, 1, 0, 1, 0, 1, 0, 1, 0, 1, 0, 1, 0, 1, 0, 1, 0, 0, 1, 0, 1, 0, 1, 0], "Best Fitness": 44.0, "Fitness Percentage": 0.8979591836734694, "Fitness Curve": [[34.0, 402.0], [34.0, 603.0], [38.0, 805.0], [40.0, 1007.0], [42.0, 1209.0], [44.0, 1411.0], [44.0, 1612.0], [44.0, 1813.0], [44.0, 2014.0], [44.0, 2215.0], [44.0, 2416.0], [44.0, 2617.0], [44.0, 2818.0], [44.0, 3019.0], [44.0, 3220.0], [44.0, 3421.0]], "Wall Clock Time": 8.010433912277222}