{"Best State": [1, 0, 1, 1, 0, 1, 0, 0, 1, 0, 1, 0, 1, 0, 0, 1, 0, 1, 0, 1, 0, 0, 1, 1, 0, 1, 0, 0, 1, 0, 1, 0, 0, 1, 0, 1, 0, 0, 1, 0, 1, 1, 0, 0, 0, 1, 0, 1, 0, 0, 1, 1, 0, 1, 1, 0, 0, 1, 0, 0, 1, 0, 1, 0, 1, 0, 1, 0, 1, 0, 0, 1, 0, 1, 0, 1, 0, 1, 0, 1, 0, 0, 1, 0, 1, 1, 0, 1, 0, 0, 1, 0, 1, 0, 0, 1, 0, 1, 0, 1, 0, 1, 0, 1, 0, 1, 0, 1, 0, 1, 0, 1, 0, 0, 1, 0, 1, 0, 1, 1, 0, 1, 0, 1, 0, 0, 1, 0, 1, 1, 0, 1, 0, 1, 0, 1, 0, 1, 0, 0, 1, 0, 0, 0, 1, 0, 1, 0, 1, 1, 1, 0, 1, 0, 1, 1, 0, 1, 0, 1, 0, 0, 1, 0, 1, 0, 0, 0, 1, 1, 0, 1, 0, 1, 0, 1, 0, 1, 0, 1, 0, 0, 1, 0, 1, 0, 1, 0, 0, 1, 1, 0, 1, 0, 1, 0, 1, 1, 0, 1], "Best Fitness": 160.0, "Fitness Percentage": 0.8040201005025126, "Fitness Curve": [[114.0, 102.0], [119.0, 154.0], [119.0, 205.0], [119.0, 256.0], [120.0, 308.0], [120.0, 359.0], [120.0, 410.0], [121.0, 462.0], [122.0, 514.0], [122.0, 565.0], [122.0, 616.0], [122.0, 667.0], [125.0, 719.0], [125.0, 770.0], [128.0, 822.0], [128.0, 873.0], [128.0, 924.0], [128.0, 975.0], [131.0, 1027.0], [131.0, 1078.0], [131.0, 1129.0], [132.0, 1181.0], [137.0, 1233.0], [137.0, 1284.0], [137.0, 1335.0], [137.0, 1386.0], [137.0, 1437.0], [141.0, 1489.0], [141.0, 1540.0], [141.0, 1591.0], [143.0, 1643.0], [143.0, 1694.0], [143.0, 1745.0], [145.0, 1797.0], [148.0, 1849.0], [148.0, 1900.0], [148.0, 1951.0], [148.0, 2002.0], [151.0, 2054.0], [151.0, 2105.0], [151.0, 2156.0], [154.0, 2208.0], [154.0, 2259.0], [154.0, 2310.0], [154.0, 2361.0], [155.0, 2413.0], [157.0, 2465.0], [157.0, 2516.0], [157.0, 2567.0], [158.0, 2619.0], [158.0, 2670.0], [158.0, 2721.0], [160.0, 2773.0], [160.0, 2824.0], [160.0, 2875.0], [160.0, 2926.0], [160.0, 2977.0], [160.0, 3028.0], [160.0, 3079.0], [160.0, 3130.0], [160.0, 3181.0], [160.0, 3232.0], [160.0, 3283.0]], "Wall Clock Time": 0.26461267471313477}