{"Best State": [1, 1, 1, 1, 1, 1, 1, 1, 1, 1, 1, 1, 1, 1, 1, 1, 1, 1, 1, 1, 1, 1, 1, 1, 1, 1, 1, 1, 1, 1, 1, 1, 1, 0, 1, 1, 0, 1, 1, 1, 1, 1, 1, 1, 1, 0, 1, 1, 1, 1, 1, 1, 1, 1, 1, 1, 1, 1, 1, 1, 1, 1, 1, 1, 1, 1, 1, 1, 1, 1, 1, 1, 1, 1, 1], "Best Fitness": 1292.0, "Fitness Percentage": 0.918918918918919, "Fitness Curve": [[837.0, 402.0], [838.0, 604.0], [913.0, 806.0], [995.0, 1008.0], [1006.0, 1210.0], [1127.0, 1412.0], [1176.0, 1614.0], [1260.0, 1816.0], [1292.0, 2018.0], [1292.0, 2219.0], [1292.0, 2420.0], [1292.0, 2621.0], [1292.0, 2822.0], [1292.0, 3023.0], [1292.0, 3224.0], [1292.0, 3425.0], [1292.0, 3626.0], [1292.0, 3827.0], [1292.0, 4028.0]], "Wall Clock Time": 22.16865301132202}