{"Training F1-Score": [0.8123711340206187, 0.7946257197696737, 0.778443113772455, 0.6799999999999999, 0.7272727272727272, 0.7302325581395348, 0.7356746765249538, 0.7692307692307692, 0.7799227799227799, 0.7259953161592505], "Testing F1-Score": [0.8024193548387095, 0.788, 0.7302231237322515, 0.599099099099099, 0.7435456110154905, 0.6851851851851853, 0.7392996108949416, 0.7426160337552743, 0.782608695652174, 0.700228832951945], "Fitness Curve": [[[0.6210487133139064, 103.0], [0.6210487133139064, 154.0], [0.6076940453498251, 206.0], [0.6076940453498251, 257.0], [0.5632168400516094, 309.0], [0.5632168400516094, 360.0], [0.5260722669276381, 412.0], [0.5260722669276381, 463.0], [0.5260722669276381, 514.0], [0.4876114701461316, 566.0], [0.4876114701461316, 617.0], [0.4876114701461316, 668.0], [0.4876114701461316, 719.0], [0.4876114701461316, 770.0], [0.4876114701461316, 821.0], [0.4876114701461316, 872.0]], [[0.6056747375161956, 103.0], [0.6056747375161956, 154.0], [0.6056747375161956, 205.0], [0.5972226063386724, 257.0], [0.5972226063386724, 308.0], [0.5972226063386724, 359.0], [0.5775379351618867, 411.0], [0.5775379351618867, 462.0], [0.5705899467861172, 514.0], [0.5705899467861172, 565.0], [0.5705899467861172, 616.0], [0.5705899467861172, 667.0], [0.5492743743915175, 719.0], [0.5412097492974697, 771.0], [0.529363800624782, 823.0], [0.529363800624782, 874.0]], [[0.6561688105265072, 103.0], [0.6561688105265072, 154.0], [0.6318510624173811, 206.0], [0.6059729558966044, 258.0], [0.6059729558966044, 309.0], [0.5037531676302498, 361.0], [0.5037531676302498, 412.0], [0.5037531676302498, 463.0], [0.5037531676302498, 514.0], [0.5037531676302498, 565.0], [0.5037531676302498, 616.0], [0.5037531676302498, 667.0], [0.5037531676302498, 718.0], [0.5037531676302498, 769.0], [0.5037531676302498, 820.0], [0.5037531676302498, 871.0]], [[0.6057701073093662, 103.0], [0.6057701073093662, 154.0], [0.6057701073093662, 205.0], [0.5787170402684617, 257.0], [0.5787170402684617, 308.0], [0.5787170402684617, 359.0], [0.5556968209002755, 411.0], [0.5556968209002755, 462.0], [0.5556968209002755, 513.0], [0.5556968209002755, 564.0], [0.5556968209002755, 615.0], [0.5556968209002755, 666.0], [0.5556968209002755, 717.0], [0.5556968209002755, 768.0], [0.5556968209002755, 819.0], [0.5556968209002755, 870.0]], [[0.5765712331234056, 102.0], [0.5765712331234056, 153.0], [0.5765712331234056, 204.0], [0.5765712331234056, 255.0], [0.5765712331234056, 306.0], [0.5765712331234056, 357.0], [0.5765712331234056, 408.0], [0.5669090345201395, 460.0], [0.5669090345201395, 511.0], [0.5563539357612671, 563.0], [0.5563539357612671, 614.0], [0.5563539357612671, 665.0], [0.5563539357612671, 716.0], [0.5490861395475722, 768.0], [0.5427250989228516, 820.0], [0.5427250989228516, 871.0]], [[0.5981752266732203, 103.0], [0.5744956058759689, 155.0], [0.5670620470084955, 207.0], [0.5670620470084955, 258.0], [0.5670620470084955, 309.0], [0.5670620470084955, 360.0], [0.5373452897699845, 412.0], [0.5373452897699845, 463.0], [0.5373452897699845, 514.0], [0.5373452897699845, 565.0], [0.5373452897699845, 616.0], [0.5373452897699845, 667.0], [0.5373452897699845, 718.0], [0.5373452897699845, 769.0], [0.5373452897699845, 820.0], [0.5373452897699845, 871.0]], [[0.590518983880316, 103.0], [0.5877934693970415, 155.0], [0.5877934693970415, 206.0], [0.5877934693970415, 257.0], [0.5877934693970415, 308.0], [0.5877934693970415, 359.0], [0.5877934693970415, 410.0], [0.560441561670872, 462.0], [0.560441561670872, 513.0], [0.560441561670872, 564.0], [0.560441561670872, 615.0], [0.560441561670872, 666.0], [0.5524903772922399, 718.0], [0.5524903772922399, 769.0], [0.5524903772922399, 820.0], [0.5524903772922399, 871.0]], [[0.6115810114836633, 103.0], [0.6115810114836633, 154.0], [0.5255892790675912, 206.0], [0.5255892790675912, 257.0], [0.5255892790675912, 308.0], [0.5255892790675912, 359.0], [0.5255892790675912, 410.0], [0.5255892790675912, 461.0], [0.5255892790675912, 512.0], [0.5255892790675912, 563.0], [0.5007217384381158, 615.0], [0.5007217384381158, 666.0], [0.5007217384381158, 717.0], [0.5007217384381158, 768.0], [0.5007217384381158, 819.0], [0.5007217384381158, 870.0]], [[0.5834212816084869, 103.0], [0.5834212816084869, 154.0], [0.5834212816084869, 205.0], [0.5834212816084869, 256.0], [0.5834212816084869, 307.0], [0.5834212816084869, 358.0], [0.5516138488129002, 410.0], [0.5516138488129002, 461.0], [0.548488190734379, 513.0], [0.5157972714087258, 565.0], [0.5157972714087258, 616.0], [0.5157972714087258, 667.0], [0.5157972714087258, 718.0], [0.5157972714087258, 769.0], [0.5157972714087258, 820.0], [0.5157972714087258, 871.0]], [[0.6206634599748873, 103.0], [0.6206634599748873, 154.0], [0.6054805481423663, 206.0], [0.6037408169953352, 258.0], [0.6037408169953352, 309.0], [0.6037408169953352, 360.0], [0.6037408169953352, 411.0], [0.6037408169953352, 462.0], [0.5990294626876213, 514.0], [0.5990294626876213, 565.0], [0.5492547741777438, 617.0], [0.5492547741777438, 668.0], [0.5492547741777438, 719.0], [0.5492547741777438, 770.0], [0.5492547741777438, 821.0], [0.5492547741777438, 872.0]]], "Wall Clock Time": [0.5166537761688232, 0.7348790168762207, 0.5230340957641602, 0.5007779598236084, 0.505173921585083, 0.4996941089630127, 0.498136043548584, 0.4952230453491211, 0.5015051364898682, 0.5010240077972412]}