{"Best State": [1, 1, 0, 0, 1, 0, 1, 0, 1, 0, 1, 0, 1, 0, 0, 1, 0, 1, 1, 0, 1, 1, 0, 1, 0, 0, 0, 1, 0, 1, 1, 0, 1, 1, 0, 0, 1, 0, 0, 1, 0, 1, 1, 0, 1, 0, 1, 1, 0, 1, 1, 1, 1, 1, 0, 0, 0, 0, 1, 0, 0, 1, 0, 0, 0, 1, 1, 1, 0, 1, 0, 1, 0, 0, 1], "Best Fitness": 48.0, "Fitness Percentage": 0.6486486486486487, "Fitness Curve": [[37.0, 45.0], [37.0, 46.0], [37.0, 47.0], [39.0, 49.0], [39.0, 50.0], [39.0, 51.0], [39.0, 52.0], [41.0, 54.0], [41.0, 55.0], [41.0, 56.0], [41.0, 57.0], [42.0, 59.0], [44.0, 61.0], [44.0, 62.0], [46.0, 64.0], [48.0, 66.0], [48.0, 67.0], [48.0, 68.0], [48.0, 69.0], [48.0, 70.0], [48.0, 71.0], [48.0, 72.0], [48.0, 73.0], [48.0, 74.0], [48.0, 75.0], [48.0, 76.0]], "Wall Clock Time": 0.0028738975524902344}