{"Best State": [1, 1, 1, 1, 1, 1, 1, 1, 1, 1, 1, 1, 1, 1, 1, 1, 1, 1, 0, 0, 1, 0, 1, 1, 0, 1, 1, 0, 0, 1, 0, 0, 1, 0, 0, 0, 0, 0, 1, 0, 0, 0, 0, 0, 0, 0, 0, 1, 1, 1, 1, 1, 0, 0, 0, 1, 0, 1, 0, 1, 0, 1, 0, 0, 1, 0, 1, 0, 1, 1, 0, 1, 0, 1, 1], "Best Fitness": 18.0, "Fitness Percentage": 0.13043478260869565, "Fitness Curve": [[11.0, 402.0], [11.0, 603.0], [13.0, 805.0], [13.0, 1006.0], [13.0, 1207.0], [13.0, 1408.0], [18.0, 1610.0], [18.0, 1811.0], [18.0, 2012.0], [18.0, 2213.0], [18.0, 2414.0], [18.0, 2615.0], [18.0, 2816.0], [18.0, 3017.0], [18.0, 3218.0], [18.0, 3419.0], [18.0, 3620.0]], "Wall Clock Time": 19.122305154800415}