{"Best State": [0, 1, 0, 1, 0, 1, 0, 1, 0, 1, 0, 1, 0, 1, 0, 1, 0, 1, 0, 0, 1, 0, 1, 0, 1], "Best Fitness": 23.0, "Fitness Percentage": 0.9583333333333334, "Fitness Curve": [[20.0, 402.0], [21.0, 604.0], [23.0, 806.0], [23.0, 1007.0], [23.0, 1208.0], [23.0, 1409.0], [23.0, 1610.0], [23.0, 1811.0], [23.0, 2012.0], [23.0, 2213.0], [23.0, 2414.0], [23.0, 2615.0], [23.0, 2816.0]], "Wall Clock Time": 1.6610560417175293}