{"Best State": [1, 0, 1, 0, 1, 0, 1, 0, 1, 0, 1, 0, 1, 1, 1, 0, 0, 1, 0, 1, 0, 1, 0, 0, 1, 0, 1, 0, 1, 0, 1, 0, 1, 0, 1, 0, 1, 0, 1, 0, 1, 1, 0, 1, 1, 1, 0, 1, 0, 1], "Best Fitness": 42.0, "Fitness Percentage": 0.8571428571428571, "Fitness Curve": [[32.0, 102.0], [32.0, 153.0], [36.0, 205.0], [36.0, 256.0], [36.0, 307.0], [36.0, 358.0], [36.0, 409.0], [36.0, 460.0], [40.0, 512.0], [40.0, 563.0], [40.0, 614.0], [40.0, 665.0], [40.0, 716.0], [40.0, 767.0], [40.0, 818.0], [40.0, 869.0], [40.0, 920.0], [40.0, 971.0], [41.0, 1023.0], [41.0, 1074.0], [41.0, 1125.0], [42.0, 1177.0], [42.0, 1228.0], [42.0, 1279.0], [42.0, 1330.0], [42.0, 1381.0], [42.0, 1432.0], [42.0, 1483.0], [42.0, 1534.0], [42.0, 1585.0], [42.0, 1636.0], [42.0, 1687.0]], "Wall Clock Time": 0.06282687187194824}