{"Training F1-Score": [0.6612466124661247, 0.3138461538461539, 0.654178674351585, 0.015209125475285171, 0.5528089887640449, 0.32727272727272727, 0.015873015873015872, 0.0, 0.6248256624825662, 0.5021645021645021], "Testing F1-Score": [0.6621983914209115, 0.30769230769230765, 0.6572637517630465, 0.00784313725490196, 0.5221238938053099, 0.3247058823529412, 0.0, 0.0, 0.6246498599439776, 0.5158562367864693], "Fitness Curve": [[[2.0056162455251174, 1.0], [1.9839003999448832, 3.0], [1.9770943116357707, 5.0], [1.9770943116357707, 6.0], [1.9770943116357707, 7.0], [1.9770943116357707, 8.0], [1.9759922385877717, 10.0], [1.9759922385877717, 11.0], [1.9737386646686113, 13.0], [1.9737386646686113, 14.0], [1.9737386646686113, 15.0], [1.9714310406125115, 17.0], [1.971285115808902, 19.0], [1.9469365972835389, 21.0], [1.9469365972835389, 22.0], [1.9469365972835389, 23.0]], [[0.7185852467103807, 1.0], [0.7185852467103807, 2.0], [0.7185852467103807, 3.0], [0.7185852467103807, 4.0], [0.7185852467103807, 5.0], [0.7185146014371924, 7.0], [0.7184283488060001, 9.0], [0.7156413073963513, 11.0], [0.7156413073963513, 12.0], [0.7142407597336293, 14.0], [0.7139015168910816, 16.0], [0.7139015168910816, 17.0], [0.7127509078983474, 19.0], [0.7127509078983474, 20.0], [0.712558768886373, 22.0], [0.712558768886373, 23.0]], [[0.9223150455715129, 2.0], [0.9223150455715129, 3.0], [0.9223150455715129, 4.0], [0.9171208947586552, 6.0], [0.9159557949904096, 8.0], [0.9159557949904096, 9.0], [0.9135103311360212, 11.0], [0.9099160830038682, 13.0], [0.9036585938614023, 15.0], [0.9036585938614023, 16.0], [0.9036585938614023, 17.0], [0.9036585938614023, 18.0], [0.9022559972318251, 20.0], [0.9022559972318251, 21.0], [0.9022559972318251, 22.0], [0.8979818627309099, 24.0]], [[2.5885518053837884, 2.0], [2.5885518053837884, 3.0], [2.581670742733604, 5.0], [2.581670742733604, 6.0], [2.448561644010726, 8.0], [2.448561644010726, 9.0], [2.4396670874139117, 11.0], [2.377936401436232, 13.0], [2.3648392365001145, 15.0], [2.3648392365001145, 16.0], [2.3648392365001145, 17.0], [2.3648392365001145, 18.0], [2.3648392365001145, 19.0], [2.3648392365001145, 20.0], [2.3648392365001145, 21.0], [2.3636766691890987, 23.0]], [[0.7749295824415813, 1.0], [0.7749295824415813, 2.0], [0.7664785308645753, 4.0], [0.7664785308645753, 5.0], [0.7646734258850922, 7.0], [0.7646734258850922, 8.0], [0.7587991773963951, 10.0], [0.7583776847346354, 12.0], [0.75781923975197, 14.0], [0.7549595966581255, 16.0], [0.7549595966581255, 17.0], [0.7539133658739743, 19.0], [0.7535823420285235, 21.0], [0.7535823420285235, 22.0], [0.7535823420285235, 23.0], [0.7535823420285235, 24.0]], [[1.5347025393070477, 1.0], [1.5347025393070477, 2.0], [1.5347025393070477, 3.0], [1.5273552850977208, 5.0], [1.5273552850977208, 6.0], [1.5273552850977208, 7.0], [1.5273552850977208, 8.0], [1.5273552850977208, 9.0], [1.5201525262673885, 11.0], [1.5201525262673885, 12.0], [1.5085994435150827, 14.0], [1.5085994435150827, 15.0], [1.508021100143378, 17.0], [1.507054833882155, 19.0], [1.5003429554510004, 21.0], [1.4822635120287784, 23.0]], [[1.8105328536887442, 1.0], [1.80666727550941, 3.0], [1.80666727550941, 4.0], [1.8064062581364302, 6.0], [1.8064062581364302, 7.0], [1.8064062581364302, 8.0], [1.8064062581364302, 9.0], [1.8064062581364302, 10.0], [1.8015691563150786, 12.0], [1.8015691563150786, 13.0], [1.8015691563150786, 14.0], [1.6666493628631487, 16.0], [1.6656845852152087, 18.0], [1.6656845852152087, 19.0], [1.6570295692734502, 21.0], [1.6570295692734502, 22.0]], [[1.0412118639693875, 1.0], [1.0412118639693875, 2.0], [1.0386997106444722, 4.0], [1.024561162641754, 6.0], [1.0115709974959701, 8.0], [1.0105313842089438, 10.0], [1.006548420387842, 12.0], [1.006548420387842, 13.0], [1.006407771016173, 15.0], [1.0005024828393536, 17.0], [0.9501903808692621, 19.0], [0.9501903808692621, 20.0], [0.9478913652308445, 22.0], [0.9478913652308445, 23.0], [0.9478803806898632, 25.0], [0.9478803806898632, 26.0]], [[0.9045346639924794, 2.0], [0.9031077040713433, 4.0], [0.9018053588474582, 6.0], [0.9018053588474582, 7.0], [0.9018053588474582, 8.0], [0.9018053588474582, 9.0], [0.8981552475692107, 11.0], [0.8980082726844671, 13.0], [0.8979787587273516, 15.0], [0.8979787587273516, 16.0], [0.8979787587273516, 17.0], [0.8924740348155392, 19.0], [0.8924740348155392, 20.0], [0.8924740348155392, 21.0], [0.8924740348155392, 22.0], [0.8899381234211874, 24.0]], [[0.7454391834478863, 1.0], [0.745186342924645, 3.0], [0.745186342924645, 4.0], [0.745186342924645, 5.0], [0.7451253031823545, 7.0], [0.7451253031823545, 8.0], [0.7407528950590333, 10.0], [0.7407528950590333, 11.0], [0.7407528950590333, 12.0], [0.7395074879242648, 14.0], [0.7395074879242648, 15.0], [0.7395074879242648, 16.0], [0.7395074879242648, 17.0], [0.7395074879242648, 18.0], [0.7388632647048976, 20.0], [0.7388632647048976, 21.0]]], "Wall Clock Time": [0.013010978698730469, 0.012889862060546875, 0.013202905654907227, 0.012548208236694336, 0.013488054275512695, 0.013339757919311523, 0.01206207275390625, 0.01412200927734375, 0.012892961502075195, 0.01184701919555664]}