{"Best State": [0, 1, 0, 1, 0, 1, 0, 1, 0, 1, 0, 1, 0, 1, 0, 1, 0, 0, 1, 0, 1, 0, 0, 1, 0, 1, 0, 1, 0, 1, 0, 0, 1, 0, 1, 1, 0, 1, 0, 1, 0, 1, 1, 0, 0, 1, 0, 1, 0, 1, 0, 1, 0, 0, 1, 0, 1, 1, 0, 0, 1, 0, 1, 0, 1, 0, 1, 0, 0, 1, 0, 1, 0, 0, 1, 0, 1, 0, 0, 1, 0, 1, 0, 1, 0, 1, 0, 1, 0, 1, 0, 0, 1, 0, 0, 1, 0, 1, 1, 0, 1, 1, 0, 1, 1, 0, 1, 0, 1, 0, 1, 0, 1, 0, 1, 1, 0, 1, 0, 1, 0, 0, 0, 1, 0, 1, 0, 1, 0, 1, 1, 0, 1, 1, 0, 1, 1, 0, 1, 0, 1, 0, 1, 0, 1, 1, 0, 1, 0, 1], "Best Fitness": 125.0, "Fitness Percentage": 0.8389261744966443, "Fitness Curve": [[95.0, 402.0], [95.0, 603.0], [99.0, 805.0], [101.0, 1007.0], [105.0, 1209.0], [105.0, 1410.0], [109.0, 1612.0], [113.0, 1814.0], [117.0, 2016.0], [119.0, 2218.0], [121.0, 2420.0], [125.0, 2622.0], [125.0, 2823.0], [125.0, 3024.0], [125.0, 3225.0], [125.0, 3426.0], [125.0, 3627.0], [125.0, 3828.0], [125.0, 4029.0], [125.0, 4230.0], [125.0, 4431.0], [125.0, 4632.0]], "Wall Clock Time": 94.90431094169617}