{"Best State": [1, 0, 1, 1, 0, 1, 0, 1, 0, 1, 1, 0, 0, 1, 0, 1, 0, 1, 1, 0, 1, 1, 0, 1, 0, 1, 0, 1, 0, 1, 0, 1, 0, 1, 0, 1, 0, 1, 0, 1, 0, 1, 0, 1, 1, 0, 1, 0, 1, 1, 0, 1, 0, 1, 0, 1, 0, 1, 1, 0, 1, 0, 1, 0, 1, 0, 1, 0, 1, 0, 1, 0, 1, 0, 1, 1, 0, 1, 0, 1, 0, 0, 1, 0, 1, 0, 1, 1, 0, 1, 1, 0, 1, 0, 1, 0, 1, 0, 1, 0], "Best Fitness": 87.0, "Fitness Percentage": 0.8787878787878788, "Fitness Curve": [[60.0, 102.0], [60.0, 153.0], [63.0, 205.0], [63.0, 256.0], [63.0, 307.0], [64.0, 359.0], [64.0, 410.0], [64.0, 461.0], [66.0, 513.0], [66.0, 564.0], [70.0, 616.0], [70.0, 667.0], [71.0, 719.0], [71.0, 770.0], [71.0, 821.0], [71.0, 872.0], [71.0, 923.0], [75.0, 975.0], [75.0, 1026.0], [75.0, 1077.0], [75.0, 1128.0], [75.0, 1179.0], [75.0, 1230.0], [75.0, 1281.0], [75.0, 1332.0], [77.0, 1384.0], [77.0, 1435.0], [77.0, 1486.0], [79.0, 1538.0], [79.0, 1589.0], [81.0, 1641.0], [81.0, 1692.0], [83.0, 1744.0], [83.0, 1795.0], [83.0, 1846.0], [83.0, 1897.0], [83.0, 1948.0], [83.0, 1999.0], [83.0, 2050.0], [85.0, 2102.0], [85.0, 2153.0], [85.0, 2204.0], [85.0, 2255.0], [85.0, 2306.0], [85.0, 2357.0], [85.0, 2408.0], [85.0, 2459.0], [85.0, 2510.0], [85.0, 2561.0], [87.0, 2613.0], [87.0, 2664.0], [87.0, 2715.0], [87.0, 2766.0], [87.0, 2817.0], [87.0, 2868.0], [87.0, 2919.0], [87.0, 2970.0], [87.0, 3021.0], [87.0, 3072.0], [87.0, 3123.0]], "Wall Clock Time": 0.16164827346801758}