{"Training F1-Score": [0.8768267223382047, 0.8672199170124482, 0.8658536585365854, 0.8623481781376517, 0.8636363636363636, 0.8641975308641976, 0.8739837398373983, 0.8757637474541752, 0.8623481781376517, 0.8681541582150101], "Testing F1-Score": [0.8137651821862347, 0.835030549898167, 0.7983706720977596, 0.8032786885245902, 0.8387096774193549, 0.8266129032258065, 0.8429423459244533, 0.8363636363636364, 0.8089430894308942, 0.824], "Fitness Curve": [[-1.122818472737445, -1.396234154755478, -0.7668511613802725, -0.5205813096090476, -0.493352862166012, -0.4719916165297926, -0.45691685365249396, -0.4442076870252491, -0.43237342127143363, -0.4223185471066734, -0.415189946651653, -0.40975828356067057, -0.4045491406935395, -0.3995872418099017, -0.3956800883070318, -0.3918389271086294, -0.38846509893498965, -0.38548555191471096, -0.3826203970998921, -0.37978044726237487, -0.37742931835991056, -0.37539130434733453, -0.37362977978916684, -0.37173106157097036, -0.3700410863139432, -0.3685500228221935, -0.3672706330006415, -0.36607712095183487, -0.3649740236346231, -0.3639368485857513, -0.36299654205090814, -0.36211918181318814, -0.36123265899041007, -0.36040052894477026, -0.35953906614965364, -0.35869943806147886, -0.35796763129906084, -0.3572869506352056, -0.35663649199701725, -0.35601933858912105, -0.35542117025188474, -0.35485019334728785, -0.35428909821234794, -0.3535709501436326, -0.3527820661562258, -0.3519000306020801, -0.35087193536250527, -0.34995612687104094, -0.34919010074754875, -0.34851966617083346, -0.34785012407740395, -0.34724427828668114, -0.3466308201408857, -0.34603266163060026, -0.34537151305071784, -0.34475910921995706, -0.3442005775799995, -0.3436527149697432, -0.3431364518832637, -0.34266601808784874, -0.342224787638022, -0.3417919875850032, -0.3413785440520383, -0.340929306340021], [-2.3079425158554203, -1.947050546040247, -0.6601047854438391, -0.6038181733579516, -0.576060442606084, -0.5534864051107916, -0.5365295475244715, -0.5259266192823508, -0.5172094852283639, -0.5099083004835467, -0.5034168006681549, -0.4976279159473125, -0.4922584453891861, -0.4875499672817218, -0.4834189360208777, -0.4793081922412783, -0.4752660252741034, -0.47138700260274047, -0.4676603061258811, -0.464062493831286, -0.46041256190590835, -0.45683552724033394, -0.45324083549460037, -0.4497867400075828, -0.44644581657231974, -0.4434614947907038, -0.4408312685459484, -0.4382752315521299, -0.43588079158768145, -0.4336038112669806, -0.4313293020052646, -0.4290337370991199, -0.42664086669092904, -0.4243985057963704, -0.4222125943310083, -0.4201275076161693, -0.41808520846510444, -0.4159350373376329, -0.413829683454567, -0.41183132940764405, -0.4099082658174033, -0.40792694911801397, -0.40601840764849334, -0.4038941709899419, -0.4018691547411595, -0.4000005516096692, -0.39808863450233695, -0.3961427848211049, -0.3943160580714775, -0.39252158236757667, -0.3907401110994746, -0.3889455296187427, -0.3870951046662747, -0.3854927692734999, -0.3839899999325569, -0.38250507131178824, -0.3810108880245856, -0.37958772379629185, -0.3783123520792501, -0.37713974043963483, -0.37595557115803807, -0.3748362832408684, -0.37380120134928463, -0.3728105450996385], [-0.8181986756204028, -0.6065657641943872, -0.5327209556299443, -0.49521474843949714, -0.4740360632454874, -0.45986475977485625, -0.44875279061429574, -0.43906868243056546, -0.43131435035243637, -0.42487563262916317, -0.41886872780701434, -0.41362428713969285, -0.4086498843467023, -0.4041827557551093, -0.40000908023503273, -0.3960589232962909, -0.39239407195810394, -0.3887874318092951, -0.3856984788232388, -0.38235129019374053, -0.37914221252358415, -0.3762072464141327, -0.3732541402394656, -0.3705766522744541, -0.36784885789180793, -0.3653674926196356, -0.36305049882487755, -0.36100148984322916, -0.35914382707745746, -0.35740022798231597, -0.35585156559716, -0.354288831132997, -0.3528076110329613, -0.35150578460358417, -0.3502565672848014, -0.3491328685270109, -0.3481809925165619, -0.347150497007785, -0.34619415047209484, -0.34538451400980524, -0.34453617355575045, -0.34375219995087675, -0.34298830977142747, -0.34230251783667076, -0.34165871094922406, -0.3409844320590688, -0.34039620508195423, -0.3398160008169244, -0.3392086960093524, -0.3385708950940949, -0.33804373670502447, -0.3375188228680504, -0.33696687134483616, -0.33635019305564423, -0.3359044345154927, -0.33527297760394714, -0.33477169417868946, -0.33419933467796203, -0.33365843918943017, -0.33311145674434317, -0.3325050469687433, -0.33210013263482835, -0.3315223991560081, -0.33110756033840905], [-0.7922750483559913, -0.6596651643341531, -0.6393014569065005, -0.7245039244772138, -0.9000422587099451, -0.6441491667065984, -0.55841735940106, -0.5370744818319085, -0.5181092493193568, -0.5042900600483398, -0.49313103362586597, -0.48399618651981163, -0.4759060621581916, -0.4675676123725024, -0.45970287073527777, -0.4534938084211427, -0.44781412375470403, -0.44192005736207685, -0.43654650501384473, -0.4315515498451613, -0.4271964203361869, -0.42339476617751914, -0.41991532693609607, -0.4165918120775838, -0.4135207961467858, -0.4104750240402968, -0.40744298224343833, -0.40407438697401893, -0.4010493602679376, -0.39830601707971536, -0.39577868882188477, -0.3934500975940292, -0.3913398412564917, -0.3893305091686177, -0.3874039793321896, -0.38560316523686267, -0.38382382012014454, -0.38212787180815155, -0.3805989773061957, -0.37918078517062886, -0.3778296474104599, -0.3765522905498858, -0.3752987992976356, -0.3741083802376169, -0.3729297542368704, -0.37183726815292345, -0.3708225231125474, -0.36985698535433775, -0.3689736385144569, -0.3680445372179366, -0.36704745609310796, -0.3660136491745869, -0.36506977983186367, -0.36421662171716107, -0.363405364118262, -0.3625420235974815, -0.3617166827621705, -0.36090896442478665, -0.36011206515922, -0.359329648491541, -0.3585987695610414, -0.35786976129869197, -0.35713846454338183, -0.35642376605149884], [-0.6798135853316556, -0.656414827726101, -0.6451003276100493, -0.6355179942981056, -0.6258832205645375, -0.6151493200680422, -0.6031241505813986, -0.5894387234946503, -0.5749833124285274, -0.5608328572819189, -0.5486907228823698, -0.5374350885470504, -0.5264509642397694, -0.5165898027425074, -0.5075279296452252, -0.4998371799585711, -0.49258518657954176, -0.48563663917110883, -0.4791984081090692, -0.4731206777865363, -0.4671073831710325, -0.4611263593600753, -0.4556847722325016, -0.45089028711238816, -0.4465475277527674, -0.44260716200428035, -0.4389010851192442, -0.4355299186144007, -0.43249329790126556, -0.42979939982338566, -0.42751409142448815, -0.42540776024556815, -0.42327467587818696, -0.42111057575979055, -0.4190435440643636, -0.4171891515310447, -0.4155334279512241, -0.4138970515959375, -0.41231303273600106, -0.41085616447657186, -0.40945908695641037, -0.40807245490602556, -0.4067755258482091, -0.4055686283815356, -0.40437644919472643, -0.4032213025665302, -0.4021321308380907, -0.40104717062282724, -0.39997743941829106, -0.3988882927806448, -0.39775645049152836, -0.3966403026193798, -0.39558974657598456, -0.39460901015251637, -0.39369889775515843, -0.3927207586386884, -0.3917575708387517, -0.390830076444233, -0.38993072059335404, -0.38909006346735053, -0.3882855858560867, -0.38749565110024903, -0.38674660469783223, -0.38591242260825276], [-0.7907438849343457, -0.6692737449397894, -0.6204146011149005, -0.5846148574651472, -0.5567270304605565, -0.5352119860317699, -0.5190761042281683, -0.5051748896908921, -0.4933890055714204, -0.4832338522739659, -0.47446445320773295, -0.4665046775475507, -0.4594891910087637, -0.45304691741362424, -0.446221031662281, -0.43962436624972123, -0.4337904383446171, -0.4293351765093823, -0.42577413938379627, -0.4225102190043717, -0.419699503049898, -0.4170200399601458, -0.41449239747604255, -0.4120247183494729, -0.4097840461335275, -0.40771767357567595, -0.4058169069023817, -0.4040185021549478, -0.40218237562459774, -0.40028029167895374, -0.39839960271410313, -0.39658571101345447, -0.3948500456103632, 