{"Best State": [1, 1, 1, 0, 0, 1, 1, 1, 1, 0, 1, 1, 1, 1, 1, 0, 0, 0, 0, 1, 1, 1, 0, 1, 1, 1, 1, 0, 1, 0, 0, 1, 1, 0, 1, 1, 0, 0, 0, 1, 1, 1, 0, 0, 0, 0, 0, 0, 1, 0, 1, 1, 1, 1, 0, 1, 1, 0, 1, 1, 1, 1, 0, 0, 1, 0, 1, 0, 1, 0, 1, 0, 0, 0, 1, 1, 1, 0, 0, 1, 0, 1, 0, 1, 0, 0, 0, 0, 0, 0, 0, 0, 0, 0, 0, 0, 0, 0, 0, 0], "Best Fitness": 16.0, "Fitness Percentage": 0.08648648648648649, "Fitness Curve": [[8.0, 102.0], [8.0, 153.0], [10.0, 205.0], [14.0, 257.0], [14.0, 308.0], [16.0, 360.0], [16.0, 411.0], [16.0, 462.0], [16.0, 513.0], [16.0, 564.0], [16.0, 615.0], [16.0, 666.0], [16.0, 717.0], [16.0, 768.0], [16.0, 819.0], [16.0, 870.0]], "Wall Clock Time": 0.02187180519104004}