{"Best State": [1, 0, 1, 0, 1, 1, 1, 0, 0, 0, 1, 0, 1, 0, 1, 1, 1, 1, 0, 0, 0, 0, 1, 0, 1, 0, 1, 1, 0, 0, 0, 0, 1, 0, 1, 1, 1, 1, 0, 0, 0, 1, 1, 1, 0, 0, 0, 0, 0, 1, 0, 1, 1, 1, 1, 0, 1, 0, 1, 0, 0, 0, 1, 0, 1, 1, 1, 1, 0, 0, 1, 1, 0, 0, 1, 0, 1, 1, 1, 1, 0, 0, 1, 0, 0, 0, 0, 1, 1, 0, 0, 0, 1, 0, 0, 0, 0, 0, 1, 1, 1, 1, 0, 1, 1, 0, 1, 0, 0, 0, 1, 1, 1, 1, 1, 0, 1, 1, 0, 0, 1, 0, 0, 0, 0], "Best Fitness": 4.0, "Fitness Percentage": 0.017316017316017316, "Fitness Curve": [[4.0, 21.0], [4.0, 22.0], [4.0, 23.0], [4.0, 24.0], [4.0, 25.0], [4.0, 26.0], [4.0, 27.0], [4.0, 28.0], [4.0, 29.0], [4.0, 30.0]], "Wall Clock Time": 0.0003390312194824219}