{"Best State": [0, 0, 0, 0, 0, 0, 0, 0, 0, 0, 0, 0, 0, 0, 0, 0, 0, 0, 0, 0, 0, 0, 0, 0, 0, 1, 0, 0, 0, 0, 0, 0, 0, 0, 0, 0, 0, 0, 0, 0, 1, 0, 0, 0, 0, 0, 0, 0, 0, 0, 0, 0, 0, 0, 0, 0, 0, 0, 0, 0, 0, 0, 0, 0, 0, 0, 0, 0, 0, 0, 0, 0, 0, 0, 0, 0, 0, 0, 1, 0, 0, 0, 0, 0, 0, 0, 0, 0, 0, 0, 0, 0, 0, 0, 0, 0, 0, 0, 0, 0, 0, 0, 0, 0, 0, 0, 0, 0, 0, 1, 0, 0, 0, 0, 0, 0, 0, 0, 0, 0, 0, 0, 0, 0, 0], "Best Fitness": 3655.0, "Fitness Percentage": 0.9357398873527906, "Fitness Curve": [[2034.0, 101.0], [2057.0, 153.0], [2124.0, 205.0], [2124.0, 256.0], [2124.0, 307.0], [2124.0, 358.0], [2124.0, 409.0], [2124.0, 460.0], [2141.0, 512.0], [2141.0, 563.0], [2145.0, 615.0], [2168.0, 667.0], [2430.0, 719.0], [2430.0, 770.0], [2430.0, 821.0], [2430.0, 872.0], [2461.0, 924.0], [2461.0, 975.0], [2499.0, 1027.0], [2531.0, 1079.0], [2618.0, 1131.0], [2618.0, 1182.0], [2618.0, 1233.0], [2618.0, 1284.0], [2794.0, 1336.0], [2794.0, 1387.0], [2794.0, 1438.0], [2794.0, 1489.0], [2794.0, 1540.0], [2802.0, 1592.0], [2802.0, 1643.0], [2920.0, 1695.0], [2920.0, 1746.0], [2920.0, 1797.0], [2920.0, 1848.0], [2920.0, 1899.0], [2943.0, 1951.0], [3074.0, 2003.0], [3074.0, 2054.0], [3074.0, 2105.0], [3169.0, 2157.0], [3169.0, 2208.0], [3169.0, 2259.0], [3177.0, 2311.0], [3219.0, 2363.0], [3219.0, 2414.0], [3264.0, 2466.0], [3275.0, 2518.0], [3275.0, 2569.0], [3323.0, 2621.0], [3323.0, 2672.0], [3331.0, 2724.0], [3331.0, 2775.0], [3331.0, 2826.0], [3331.0, 2877.0], [3379.0, 2929.0], [3379.0, 2980.0], [3379.0, 3031.0], [3379.0, 3082.0], [3433.0, 3134.0], [3433.0, 3185.0], [3433.0, 3236.0], [3433.0, 3287.0], [3480.0, 3339.0], [3480.0, 3390.0], [3480.0, 3441.0], [3480.0, 3492.0], [3480.0, 3543.0], [3480.0, 3594.0], [3482.0, 3646.0], [3482.0, 3697.0], [3532.0, 3749.0], [3532.0, 3800.0], [3532.0, 3851.0], [3532.0, 3902.0], [3593.0, 3954.0], [3593.0, 4005.0], [3593.0, 4056.0], [3593.0, 4107.0], [3593.0, 4158.0], [3593.0, 4209.0], [3593.0, 4260.0], [3593.0, 4311.0], [3593.0, 4362.0], [3595.0, 4414.0], [3655.0, 4466.0], [3655.0, 4517.0], [3655.0, 4568.0], [3655.0, 4619.0], [3655.0, 4670.0], [3655.0, 4721.0], [3655.0, 4772.0], [3655.0, 4823.0], [3655.0, 4874.0], [3655.0, 4925.0], [3655.0, 4976.0]], "Wall Clock Time": 7.690989017486572}