{"Best State": [0, 1, 0, 0, 1, 0, 0, 1, 0, 0, 0, 0, 0, 0, 0, 0, 1, 1, 1, 1, 0, 1, 1, 1, 0, 0, 1, 0, 0, 0, 0, 0, 0, 1, 0, 1, 1, 0, 0, 1, 0, 1, 0, 0, 1, 1, 1, 0, 0, 0], "Best Fitness": 3.0, "Fitness Percentage": 0.03260869565217391, "Fitness Curve": [[3.0, 11.0], [3.0, 12.0], [3.0, 13.0], [3.0, 14.0], [3.0, 15.0], [3.0, 16.0], [3.0, 17.0], [3.0, 18.0], [3.0, 19.0], [3.0, 20.0]], "Wall Clock Time": 0.0003330707550048828}