{"Best State": [0, 0, 0, 0, 1, 1, 1, 1, 1, 0, 1, 1, 1, 1, 1, 0, 0, 1, 0, 0, 1, 1, 0, 1, 0, 1, 1, 0, 0, 1, 0, 0, 0, 0, 1, 0, 1, 1, 0, 0, 0, 1, 1, 1, 1, 1, 0, 0, 1, 0, 0, 1, 1, 1, 1, 1, 0, 0, 1, 0, 1, 0, 0, 1, 1, 1, 1, 1, 0, 0, 0, 0, 0, 0, 0, 0, 0, 0, 0, 0, 0, 0, 0, 0, 0, 0, 0, 0, 0, 0, 0, 0, 0, 0, 0, 0, 0, 0, 0, 0], "Best Fitness": 32.0, "Fitness Percentage": 0.17297297297297298, "Fitness Curve": [[11.0, 402.0], [12.0, 604.0], [16.0, 806.0], [16.0, 1007.0], [20.0, 1209.0], [21.0, 1411.0], [23.0, 1613.0], [26.0, 1815.0], [26.0, 2016.0], [27.0, 2218.0], [27.0, 2419.0], [28.0, 2621.0], [28.0, 2822.0], [28.0, 3023.0], [28.0, 3224.0], [28.0, 3425.0], [28.0, 3626.0], [31.0, 3828.0], [31.0, 4029.0], [32.0, 4231.0], [32.0, 4432.0], [32.0, 4633.0], [32.0, 4834.0], [32.0, 5035.0], [32.0, 5236.0], [32.0, 5437.0], [32.0, 5638.0], [32.0, 5839.0], [32.0, 6040.0], [32.0, 6241.0]], "Wall Clock Time": 57.7898690700531}