{"Best State": [1, 1, 1, 1, 1, 1, 1, 1, 0, 0, 1, 1, 1, 1, 0, 0, 1, 1, 1, 0, 1, 0, 1, 1, 1, 1, 1, 1, 1, 1, 0, 1, 1, 1, 1, 0, 0, 0, 0, 0, 1, 0, 1, 0, 0, 1, 0, 1, 0, 0, 1, 1, 1, 0, 0, 0, 0, 1, 0, 1, 0, 0, 1, 0, 0, 0, 0, 0, 0, 0, 1, 1, 1, 1, 1], "Best Fitness": 8.0, "Fitness Percentage": 0.057971014492753624, "Fitness Curve": [[8.0, 21.0], [8.0, 22.0], [8.0, 23.0], [8.0, 24.0], [8.0, 25.0], [8.0, 26.0], [8.0, 27.0], [8.0, 28.0], [8.0, 29.0], [8.0, 30.0]], "Wall Clock Time": 0.00033092498779296875}