{"Best State": [0, 1, 0, 1, 0, 0, 1, 0, 1, 0, 1, 1, 0, 1, 0, 1, 0, 1, 0, 1, 1, 0, 1, 0, 1, 0, 1, 1, 0, 1, 1, 0, 1, 0, 1, 0, 1, 0, 1, 0, 1, 0, 1, 0, 1, 0, 1, 0, 1, 1, 0, 1, 0, 1, 1, 0, 1, 0, 1, 0, 0, 1, 0, 0, 1, 0, 1, 0, 1, 1, 0, 1, 0, 1, 0, 1, 0, 1, 0, 1, 1, 0, 1, 0, 1, 0, 1, 0, 1, 0, 1, 0, 1, 1, 0, 1, 0, 1, 0, 1], "Best Fitness": 87.0, "Fitness Percentage": 0.8787878787878788, "Fitness Curve": [[67.0, 402.0], [67.0, 603.0], [69.0, 805.0], [74.0, 1007.0], [76.0, 1209.0], [79.0, 1411.0], [79.0, 1612.0], [80.0, 1814.0], [82.0, 2016.0], [85.0, 2218.0], [85.0, 2419.0], [87.0, 2621.0], [87.0, 2822.0], [87.0, 3023.0], [87.0, 3224.0], [87.0, 3425.0], [87.0, 3626.0], [87.0, 3827.0], [87.0, 4028.0], [87.0, 4229.0], [87.0, 4430.0], [87.0, 4631.0]], "Wall Clock Time": 41.69743895530701}