{"Best State": [1, 1, 1, 1, 1, 1, 1, 1, 1, 1, 1, 1, 1, 1, 0, 0, 1, 1, 1, 0, 0, 0, 1, 0, 1, 1, 1, 1, 0, 0, 1, 1, 0, 0, 1, 1, 0, 0, 0, 0, 1, 0, 0, 0, 0, 0, 0, 0, 0, 0], "Best Fitness": 64.0, "Fitness Percentage": 0.6956521739130435, "Fitness Curve": [[11.0, 402.0], [12.0, 604.0], [12.0, 805.0], [64.0, 1007.0], [64.0, 1208.0], [64.0, 1409.0], [64.0, 1610.0], [64.0, 1811.0], [64.0, 2012.0], [64.0, 2213.0], [64.0, 2414.0], [64.0, 2615.0], [64.0, 2816.0], [64.0, 3017.0]], "Wall Clock Time": 6.980266094207764}