{"Best State": [1, 1, 1, 1, 1, 1, 1, 0, 0, 1, 0, 1, 1, 0, 0, 1, 0, 1, 0, 0, 0, 0, 1, 0, 0, 1, 0, 0, 1, 1, 1, 1, 1, 0, 1, 0, 1, 1, 1, 1, 0, 0, 0, 1, 1, 1, 0, 0, 1, 1, 1, 0, 0, 0, 1, 0, 0, 0, 0, 0, 1, 1, 0, 0, 1, 1, 0, 0, 1, 1, 1, 0, 0, 1, 1, 1, 1, 0, 1, 1, 1, 0, 1, 1, 0, 0, 0, 0, 0, 0, 1, 0, 0, 0, 1, 0, 0, 1, 1, 0, 1, 0, 0, 0, 0, 0, 0, 0, 0, 0, 0, 0, 0, 0, 0, 0, 0, 0, 0, 0, 0, 0, 0, 0, 0], "Best Fitness": 24.0, "Fitness Percentage": 0.1038961038961039, "Fitness Curve": [[9.0, 402.0], [11.0, 604.0], [13.0, 806.0], [14.0, 1008.0], [16.0, 1210.0], [16.0, 1411.0], [16.0, 1612.0], [16.0, 1813.0], [17.0, 2015.0], [17.0, 2216.0], [17.0, 2417.0], [17.0, 2618.0], [17.0, 2819.0], [17.0, 3020.0], [17.0, 3221.0], [17.0, 3422.0], [18.0, 3624.0], [19.0, 3826.0], [23.0, 4028.0], [23.0, 4229.0], [24.0, 4431.0], [24.0, 4632.0], [24.0, 4833.0], [24.0, 5034.0], [24.0, 5235.0], [24.0, 5436.0], [24.0, 5637.0], [24.0, 5838.0], [24.0, 6039.0], [24.0, 6240.0], [24.0, 6441.0]], "Wall Clock Time": 96.09948587417603}