{"Best State": [0, 0, 1, 1, 1, 0, 1, 0, 1, 1, 1, 0, 0, 1, 0, 0, 1, 0, 1, 0, 0, 0, 0, 0, 0, 0, 0, 0, 0, 0, 0, 0, 1, 0, 1, 1, 0, 1, 1, 0, 0, 0, 1, 0, 1, 1, 1, 1, 0, 0, 1, 0, 1, 1, 0, 0, 0, 0, 0, 1, 0, 1, 1, 1, 0, 0, 1, 0, 0, 1, 1, 0, 1, 1, 0, 1, 0, 0, 1, 0, 1, 1, 0, 0, 0, 0, 1, 1, 0, 0, 0, 0, 0, 0, 1, 0, 0, 0, 0, 1, 0, 0, 1, 0, 0, 0, 1, 1, 1, 1, 0, 0, 1, 1, 1, 1, 1, 1, 1, 1, 1, 1, 0, 1, 1, 0, 1, 1, 1, 0, 1, 0, 1, 1, 0, 0, 1, 0, 0, 0, 0, 0, 1, 0, 1, 0, 1, 1, 1, 1, 0, 0, 1, 0, 0, 1, 1, 0, 0, 0, 0, 0, 1, 1, 0, 1, 0, 0, 1, 1, 0, 0, 0, 1, 0], "Best Fitness": 3971.0, "Fitness Percentage": 0.5186781609195402, "Fitness Curve": [[3805.0, 2.0], [3806.0, 4.0], [3813.0, 6.0], [3815.0, 8.0], [3815.0, 10.0], [3815.0, 11.0], [3820.0, 13.0], [3820.0, 14.0], [3823.0, 16.0], [3834.0, 18.0], [3834.0, 19.0], [3846.0, 21.0], [3846.0, 22.0], [3847.0, 24.0], [3845.0, 26.0], [3845.0, 27.0], [3850.0, 29.0], [3852.0, 31.0], [3852.0, 32.0], [3853.0, 34.0], [3853.0, 35.0], [3858.0, 37.0], [3859.0, 39.0], [3864.0, 41.0], [3864.0, 42.0], [3864.0, 43.0], [3864.0, 44.0], [3872.0, 46.0], [3872.0, 47.0], [3872.0, 48.0], [3878.0, 50.0], [3878.0, 51.0], [3887.0, 53.0], [3887.0, 54.0], [3891.0, 56.0], [3891.0, 57.0], [3891.0, 58.0], [3891.0, 60.0], [3891.0, 62.0], [3891.0, 63.0], [3891.0, 65.0], [3893.0, 67.0], [3895.0, 69.0], [3902.0, 71.0], [3902.0, 72.0], [3908.0, 74.0], [3908.0, 75.0], [3908.0, 76.0], [3908.0, 77.0], [3916.0, 79.0], [3928.0, 81.0], [3928.0, 82.0], [3928.0, 83.0], [3931.0, 85.0], [3931.0, 86.0], [3940.0, 88.0], [3940.0, 89.0], [3940.0, 90.0], [3946.0, 92.0], [3946.0, 93.0], [3971.0, 95.0], [3971.0, 96.0], [3971.0, 97.0], [3971.0, 98.0], [3971.0, 99.0], [3971.0, 100.0], [3971.0, 101.0], [3971.0, 102.0], [3971.0, 103.0], [3971.0, 104.0], [3971.0, 105.0]], "Wall Clock Time": 0.3218209743499756}