{"Best State": [0, 1, 0, 0, 1, 0, 1, 0, 1, 1, 0, 1, 0, 1, 1, 0, 1, 0, 1, 0, 1, 0, 1, 0, 1, 0, 1, 1, 0, 1, 0, 1, 0, 1, 1, 0, 1, 0, 1, 1, 0, 1, 1, 0, 1, 0, 1, 1, 0, 1, 1, 0, 1, 0, 0, 1, 0, 0, 1, 0, 0, 1, 1, 1, 0, 1, 0, 1, 0, 1, 0, 1, 0, 1, 0, 1, 0, 1, 0, 0, 1, 0, 1, 0, 1, 0, 1, 0, 0, 1, 0, 0, 1, 0, 1, 0, 1, 1, 0, 1, 0, 1, 0, 1, 0, 0, 1, 0, 1, 0, 1, 0, 0, 1, 1, 0, 1, 0, 1, 0, 1, 0, 1, 0, 1, 1, 0, 0, 1, 0, 1, 1, 0, 1, 0, 1, 1, 0, 1, 0, 1, 0, 1, 0, 1, 1, 0, 1, 0, 1, 0, 1, 0, 1, 0, 0, 1, 0, 1, 0, 1, 1, 0, 1, 0, 1, 1, 0, 1, 0, 1, 0, 1, 0, 1, 0, 1, 1, 0, 1, 0, 1, 0, 1, 1, 0, 1, 0, 1, 1, 0, 0, 1, 0, 1, 1, 0, 1, 0, 1, 0, 1, 0, 1, 0, 0, 0, 1, 0, 1, 0, 1, 0, 1, 0, 1, 0, 1, 0, 1, 1, 0, 0, 1, 0], "Best Fitness": 186.0, "Fitness Percentage": 0.8303571428571429, "Fitness Curve": [[138.0, 402.0], [138.0, 603.0], [139.0, 805.0], [139.0, 1006.0], [139.0, 1207.0], [147.0, 1409.0], [150.0, 1611.0], [156.0, 1813.0], [161.0, 2015.0], [163.0, 2217.0], [167.0, 2419.0], [174.0, 2621.0], [177.0, 2823.0], [179.0, 3025.0], [181.0, 3227.0], [182.0, 3429.0], [182.0, 3630.0], [182.0, 3831.0], [182.0, 4032.0], [186.0, 4234.0], [186.0, 4435.0], [186.0, 4636.0], [186.0, 4837.0], [186.0, 5038.0], [186.0, 5239.0], [186.0, 5440.0], [186.0, 5641.0], [186.0, 5842.0], [186.0, 6043.0], [186.0, 6244.0]], "Wall Clock Time": 287.1974401473999}