{"Best State": [0, 1, 0, 0, 0, 1, 0, 0, 0, 0, 0, 0, 0, 0, 0, 0, 1, 0, 1, 0, 0, 0, 1, 0, 0, 1, 0, 1, 0, 0, 1, 0, 1, 1, 0, 1, 0, 0, 0, 0, 0, 0, 0, 0, 0, 1, 0, 0, 1, 0, 1, 0, 0, 0, 0, 0, 0, 0, 0, 0, 0, 0, 0, 0, 0, 1, 0, 0, 0, 0, 0, 0, 0, 0, 1, 0, 0, 0, 0, 0, 0, 1, 0, 0, 0, 0, 0, 0, 0, 1, 1, 1, 1, 0, 0, 0, 0, 0, 0, 0, 0, 1, 0, 0, 1, 1, 0, 0, 0, 1, 0, 0, 0, 0, 0, 0, 0, 0, 0, 1, 0, 0, 0, 0, 0], "Best Fitness": 2584.0, "Fitness Percentage": 0.6615463389656938, "Fitness Curve": [[1998.0, 1.0], [2004.0, 3.0], [2004.0, 4.0], [2004.0, 5.0], [2004.0, 6.0], [2018.0, 8.0], [2018.0, 9.0], [2018.0, 10.0], [2021.0, 12.0], [2021.0, 13.0], [2030.0, 15.0], [2048.0, 17.0], [2055.0, 19.0], [2055.0, 20.0], [2078.0, 22.0], [2098.0, 24.0], [2098.0, 25.0], [2109.0, 27.0], [2123.0, 29.0], [2123.0, 30.0], [2123.0, 31.0], [2123.0, 32.0], [2143.0, 34.0], [2143.0, 35.0], [2157.0, 37.0], [2157.0, 38.0], [2157.0, 39.0], [2174.0, 41.0], [2174.0, 42.0], [2174.0, 43.0], [2187.0, 45.0], [2187.0, 46.0], [2187.0, 47.0], [2187.0, 48.0], [2187.0, 49.0], [2187.0, 50.0], [2214.0, 52.0], [2214.0, 53.0], [2231.0, 55.0], [2231.0, 56.0], [2231.0, 57.0], [2254.0, 59.0], [2286.0, 61.0], [2309.0, 63.0], [2309.0, 64.0], [2309.0, 65.0], [2309.0, 66.0], [2309.0, 67.0], [2330.0, 69.0], [2330.0, 70.0], [2330.0, 71.0], [2330.0, 72.0], [2330.0, 73.0], [2330.0, 74.0], [2330.0, 75.0], [2330.0, 76.0], [2361.0, 78.0], [2361.0, 79.0], [2361.0, 80.0], [2394.0, 82.0], [2394.0, 83.0], [2394.0, 84.0], [2394.0, 85.0], [2394.0, 86.0], [2426.0, 88.0], [2426.0, 89.0], [2448.0, 91.0], [2448.0, 92.0], [2448.0, 93.0], [2476.0, 95.0], [2511.0, 97.0], [2511.0, 98.0], [2511.0, 99.0], [2547.0, 101.0], [2584.0, 103.0], [2584.0, 104.0], [2584.0, 105.0], [2584.0, 106.0], [2584.0, 107.0], [2584.0, 108.0], [2584.0, 109.0], [2584.0, 110.0], [2584.0, 111.0], [2584.0, 112.0], [2584.0, 113.0]], "Wall Clock Time": 0.701956033706665}