{"Best State": [0, 1, 0, 1, 0, 1, 0, 1, 0, 1, 0, 1, 0, 0, 1, 0, 1, 0, 1, 0, 0, 1, 0, 1, 0, 0, 1, 0, 1, 0, 1, 1, 0, 1, 0, 1, 0, 1, 0, 1, 0, 1, 0, 1, 0, 1, 0, 0, 1, 0, 1, 1, 0, 1, 0, 1, 0, 1, 1, 0, 0, 1, 0, 1, 0, 1, 0, 1, 0, 1, 0, 1, 0, 1, 0, 1, 0, 1, 0, 1, 0, 1, 0, 1, 0, 1, 0, 1, 0, 1, 0, 0, 1, 0, 1, 0, 1, 0, 0, 1, 0, 1, 0, 0, 1, 1, 0, 1, 0, 0, 1, 0, 1, 0, 1, 0, 0, 1, 0, 1, 0, 1, 0, 1, 1], "Best Fitness": 109.0, "Fitness Percentage": 0.8790322580645161, "Fitness Curve": [[79.0, 402.0], [79.0, 603.0], [83.0, 805.0], [83.0, 1006.0], [84.0, 1208.0], [90.0, 1410.0], [90.0, 1611.0], [91.0, 1813.0], [95.0, 2015.0], [97.0, 2217.0], [97.0, 2418.0], [97.0, 2619.0], [101.0, 2821.0], [103.0, 3023.0], [103.0, 3224.0], [105.0, 3426.0], [107.0, 3628.0], [107.0, 3829.0], [109.0, 4031.0], [109.0, 4232.0], [109.0, 4433.0], [109.0, 4634.0], [109.0, 4835.0], [109.0, 5036.0], [109.0, 5237.0], [109.0, 5438.0], [109.0, 5639.0], [109.0, 5840.0], [109.0, 6041.0]], "Wall Clock Time": 86.00833010673523}