{"Best State": [1, 1, 0, 0, 0, 1, 1, 0, 0, 1, 1, 0, 1, 0, 0, 1, 0, 1, 0, 1, 0, 0, 1, 0, 0, 1, 0, 1, 1, 0, 1, 1, 0, 0, 1, 0, 1, 0, 0, 1, 0, 1, 0, 0, 0, 0, 1, 0, 1, 1, 0, 1, 1, 1, 0, 0, 1, 1, 0, 1, 1, 0, 0, 0, 0, 1, 1, 0, 0, 0, 0, 1, 1, 0, 0, 0, 0, 0, 1, 0, 1, 0, 0, 0, 0, 1, 1, 1, 1, 1, 0, 1, 0, 1, 0, 0, 0, 1, 1, 1, 0, 0, 0, 1, 0, 0, 0, 0, 1, 0, 1, 1, 1, 0, 0, 0, 1, 0, 0, 1, 0, 1, 1, 1, 0, 1, 0, 1, 0, 0, 1, 0, 1, 1, 0, 1, 0, 1, 0, 1, 0, 1, 1, 0, 0, 0, 1, 1, 1, 1, 0, 0, 1, 1, 1, 0, 1, 1, 0, 1, 0, 0, 1, 0, 0, 0, 0, 1, 1, 1, 0, 1, 0, 0, 1], "Best Fitness": 98.0, "Fitness Percentage": 0.5632183908045977, "Fitness Curve": [[90.0, 1.0], [92.0, 3.0], [94.0, 5.0], [94.0, 6.0], [94.0, 7.0], [94.0, 8.0], [94.0, 9.0], [94.0, 10.0], [94.0, 11.0], [94.0, 12.0], [94.0, 13.0], [96.0, 15.0], [96.0, 16.0], [98.0, 18.0], [98.0, 19.0], [98.0, 20.0], [98.0, 21.0], [98.0, 22.0], [98.0, 23.0], [98.0, 24.0], [98.0, 25.0], [98.0, 26.0], [98.0, 27.0], [98.0, 28.0]], "Wall Clock Time": 0.0035550594329833984}