{"Training F1-Score": [0.18543046357615894, 0.007874015748031496, 0.08934707903780069, 0.6301824212271974, 0.3775280898876405, 0.43462897526501765, 0.21806853582554517, 0.0, 0.6102564102564102, 0.6206896551724138], "Testing F1-Score": [0.13986013986013984, 0.00796812749003984, 0.15047021943573669, 0.6554621848739496, 0.35775862068965514, 0.4353982300884956, 0.1708860759493671, 0.01593625498007968, 0.6050000000000001, 0.5880398671096345], "Fitness Curve": [[[0.9902134212733127, 3.0], [0.9911658848738132, 5.0], [0.9921226744389243, 7.0], [0.9806617142260406, 9.0], [0.979089723574746, 11.0], [0.9711712192303671, 13.0], [0.9668815620609877, 15.0], [0.9687542541004076, 17.0], [0.9731718454965513, 19.0], [0.9731718454965513, 20.0], [0.9716486310677237, 22.0], [0.9274812228636822, 24.0], [0.9282668762611797, 26.0], [0.9298874561119679, 28.0], [0.93053813273822, 30.0], [0.9306751158356261, 32.0], [0.92648031754816, 34.0], [0.9265004585183697, 36.0], [0.9272538154815759, 38.0], [0.9272538154815759, 40.0], [0.9692850771270415, 42.0], [0.9595851140975904, 44.0], [1.0215068125170472, 46.0], [1.016648470945641, 48.0], [1.0121773550055946, 50.0], [1.0198070061966202, 52.0], [1.041022987549782, 54.0], [1.0408969952672318, 56.0], [1.040646006887108, 58.0], [1.0480032267049768, 60.0], [1.0473179294236703, 62.0], [0.9866704623450427, 64.0], [0.978468144942983, 66.0], [0.9705713315125161, 68.0], [0.9662363138136946, 70.0], [0.9638024205566221, 72.0], [0.9448024281883624, 74.0], [1.0063874766526952, 76.0], [1.0145925207553865, 78.0], [1.0237722776037956, 80.0], [1.0262168467576966, 82.0], [1.0201214109736665, 84.0], [1.0201214109736665, 86.0], [0.9714680753720031, 88.0], [0.973206873580622, 90.0], [0.9948029286839594, 92.0], [1.0788629788343254, 94.0], [1.069216403288989, 96.0], [1.0711537320899502, 98.0], [1.0614629226826238, 100.0], [1.113873059872085, 102.0], [1.1068373525975013, 104.0], [1.08682211027631, 106.0], [1.1073139176172404, 108.0], [1.1074206873534738, 110.0], [1.1131117286708663, 112.0], [1.1201796699842033, 114.0], [1.118594319694484, 116.0], [1.1211553896580204, 118.0], [1.1416227478621663, 120.0], [1.1604983926791588, 122.0], [1.1604983926791588, 123.0], [1.1540839705902615, 125.0], [1.1537471189077704, 127.0]], [[1.0824319691230366, 3.0], [1.0866198100010083, 5.0], [1.0871040602417963, 7.0], [1.0894805607556581, 9.0], [1.0917380597865505, 11.0], [1.0913526596390697, 13.0], [1.0906300175687011, 15.0], [1.094901143145867, 17.0], [1.094970708834786, 19.0], [1.0917119567763869, 21.0], [1.0914812691089901, 23.0], [1.0914553304340688, 25.0], [1.11196135056308, 27.0], [1.111911795580183, 29.0], [1.1125080979513478, 31.0], [1.1131892168691446, 33.0], [1.1125025349866058, 35.0], [1.1181301381391204, 37.0], [1.1185443101373298, 39.0], [1.1208970976751953, 41.0], [1.1213566973420688, 43.0], [1.12284745457785, 45.0], [1.1226604407701095, 47.0], [1.1229059577625644, 49.0], [1.1243159260057631, 51.0], [1.1262802783650723, 53.0], [1.1261259428643506, 55.0], [1.1209032762185656, 57.0], [1.1177865187076736, 59.0], [1.1181082743042705, 61.0], [1.1185678704400408, 63.0], [1.1185343611580554, 65.0], [1.142293417958228, 67.0], [1.1435331965207833, 69.0], [1.176089010943458, 71.0], [1.1761211452870999, 73.0], [1.1747931285550526, 75.0], [1.1750234596006595, 77.0], [1.1797875902976402, 79.0], [1.1819169147369566, 81.0], [1.1819259324094933, 83.0], [1.1805812851717092, 85.0], [1.1806410029897703, 87.0], [1.181416029343095, 89.0], [1.181443097221781, 91.0], [1.1830837490371877, 93.0], [1.1947874222788801, 95.0], [1.1944294994080142, 97.0], [1.2019785955081768, 99.0], [1.2019650074225205, 101.0], [1.199346390344716, 103.0], [1.2200733817591463, 105.0], [1.220006314872435, 107.0], [1.1848995125443615, 109.0], [1.1848572133184494, 111.0], [1.1858741405932707, 113.0], [1.1857523176869054, 115.0], [1.1855105628385942, 117.0], [1.2070972078638211, 119.0], [1.2070972078638211, 120.0], [1.2069496893529656, 122.0], [1.1872612972721888, 124.0], [1.1845332315975383, 126.0], [1.1845076920861621, 128.0]], [[0.8511604347572659, 3.0], [0.8506688669935015, 5.0], [0.8596705331182283, 7.0], [0.8591678136525375, 9.0], [0.8591678136525375, 11.0], [0.8596013548621769, 13.0], [0.8600807817348205, 15.0], [0.8601931647132324, 17.0], [0.8569022151244557, 19.0], [0.8564236002940113, 21.0], [0.8551751716976115, 23.0], [0.8551640556984876, 25.0], [0.856813964522946, 27.0], [0.8556135699879438, 29.0], [0.8544097094382985, 31.0], [0.8544097094382985, 33.0], [0.855874903041188, 35.0], [0.8582003668145568, 37.0], [0.8522646508115972, 39.0], [0.8565483287343555, 41.0], [0.8572251005807634, 43.0], [0.8475615684316071, 45.0], [0.8527261894420234, 47.0], [0.8234802860964958, 49.0], [0.823423152808357, 51.0], [0.8275694319259987, 53.0], [0.825402943840905, 55.0], [0.8302959946859433, 57.0], [0.8285581121498923, 59.0], [0.8308808756922462, 61.0], [0.8313016005819843, 63.0], [0.8312243258001237, 65.0], [0.8288812915407732, 67.0], [0.8277384505786071, 69.0], [0.8252852652788748, 71.0], [0.8252852652788748, 73.0], [0.8259846018115627, 75.0], [0.8198691514612484, 77.0], [0.8186334151787612, 79.0], [0.817432551931941, 81.0], [0.8189003565583006, 83.0], [0.8202558177333201, 85.0], [0.8173983955320243, 87.0], [0.8181223830782135, 89.0], [0.8320438162641144, 91.0], [0.8316787601264766, 93.0], [0.852963642300314, 95.0], [0.8537931872619596, 97.0], [0.852468410094201, 99.0], [0.8540890926814584, 101.0], [0.8528466961487219, 103.0], [0.8550990474188779, 105.0], [0.8563241547847253, 107.0], [0.856473662985298, 109.0], [0.8561937425456164, 111.0], [0.8561067247115529, 113.0], [0.8567741971931527, 115.0], [0.848908320061588, 117.0], [0.8491480466680146, 119.0], [0.8443081136745298, 121.0], [0.8467345113637843, 123.0], [0.8505343364273329, 125.0], [0.8497985736855231, 127.0], [0.8472903739046527, 129.0]], [[0.8273593221656812, 3.0], [0.8269462275111601, 5.0], [0.8226874976655777, 7.0], [0.8190315947326922, 9.0], [0.8189198672119526, 11.0], [0.8148003982483369, 13.0], [0.8096132702020968, 15.0], [0.8138347421003591, 17.0], [0.8130280247189792, 19.0], [0.8130280247189792, 21.0], [0.8123394057763555, 23.0], [0.8077039216225271, 25.0], [0.8074705811969939, 27.0], [0.8113667522837266, 29.0], [0.8118115653273662, 31.0], [0.8140949806705803, 33.0], [0.8173001028205181, 35.0], [0.8141354042903229, 37.0], [0.8180872823896962, 39.0], [0.8157356313178118, 41.0], [0.8158572872999548, 43.0], [0.8078444242708304, 45.0], [0.8133495419056903, 47.0], [0.8203636088185626, 49.0], [0.8206849396122367, 51.0], [0.8169548480756423, 53.0], [0.8168784988890713, 55.0], [0.8168784988890713, 57.0], [0.8257087442761304, 59.0], [0.826214278833816, 61.0], [0.8268307233105651, 63.0], [0.8295856355785195, 65.0], [0.8295523760001534, 67.0], [0.8377278551572824, 69.0], [0.8320339687589482, 71.0], [0.8276266411498973, 73.0], [0.834669119209921, 75.0], [0.8316037203411634, 77.0], [0.8318683376471175, 79.0], [0.8259860486543762, 81.0], [0.8251075622967953, 83.0], [0.8287315774761858, 85.0], [0.8302419020191978, 87.0], [0.8302537639629511, 89.0], [0.8279704513731719, 91.0], [0.8277097477951778, 93.0], [0.8274482220211727, 95.0], [0.8352190835178062, 97.0], [0.8355572729062917, 99.0], [0.8361128733867212, 101.0], [0.8415256944499825, 103.0], [0.8354684774059203, 105.0], [0.8371376143542525, 107.0], [0.8365520314378868, 109.0], [0.8381700691713162, 111.0], [0.83413261623286, 113.0], [0.8291436933148186, 115.0], [0.828914909417545, 117.0], [0.8294849925342394, 119.0], [0.8312795166681994, 121.0], [0.8322487549765792, 123.0], [0.8298354026189071, 125.0], [0.8265374218424979, 127.0], [0.8286170068695078, 129.0]], [[0.8919858103196759, 3.0], [0.886168364659834, 5.0], [0.8843163543472449, 7.0], [0.8808760522391359, 9.0], [0.8572239631993525, 11.0], [0.8528423859554457, 13.0], [0.854937477486451, 15.0], [0.8593760001593553, 17.0], [0.8577865475958742, 19.0], [0.8597365629371674, 21.0], [0.8626408769069123, 23.0], [0.8622373111417507, 25.0], [0.8644475541074041, 27.0], 