{"Best State": [0, 1, 0, 1, 1, 0, 0, 0, 0, 0, 0, 0, 1, 0, 1, 1, 1, 0, 0, 0, 1, 0, 0, 1, 0, 0, 0, 0, 0, 0, 1, 0, 0, 1, 1, 0, 0, 1, 1, 0, 0, 0, 0, 0, 0, 0, 0, 0, 1, 0, 1, 1, 0, 1, 0, 1, 0, 0, 1, 0, 1, 0, 0, 0, 0, 0, 1, 0, 0, 0, 1, 0, 1, 0, 0, 0, 0, 1, 0, 0, 1, 0, 0, 1, 1, 0, 0, 0, 0, 0, 1, 0, 0, 1, 0, 0, 0, 0, 0, 0, 0, 0, 0, 1, 0, 1, 0, 0, 0, 0, 0, 0, 0, 0, 1, 0, 1, 0, 1, 0, 1, 0, 0, 0, 0], "Best Fitness": 2328.0, "Fitness Percentage": 0.5960061443932412, "Fitness Curve": [[1936.0, 1.0], [1936.0, 2.0], [1941.0, 4.0], [1943.0, 6.0], [1943.0, 7.0], [1945.0, 9.0], [1945.0, 10.0], [1950.0, 12.0], [1951.0, 14.0], [1957.0, 16.0], [1957.0, 17.0], [1957.0, 18.0], [1960.0, 20.0], [1966.0, 22.0], [1966.0, 23.0], [1965.0, 25.0], [1965.0, 26.0], [1973.0, 28.0], [1974.0, 30.0], [1978.0, 32.0], [1978.0, 33.0], [1978.0, 34.0], [1978.0, 35.0], [1978.0, 36.0], [1986.0, 38.0], [1986.0, 39.0], [1986.0, 41.0], [1986.0, 42.0], [1993.0, 44.0], [1993.0, 45.0], [2008.0, 47.0], [2014.0, 49.0], [2014.0, 50.0], [2014.0, 51.0], [2014.0, 52.0], [2014.0, 53.0], [2014.0, 54.0], [2027.0, 56.0], [2040.0, 58.0], [2040.0, 59.0], [2040.0, 61.0], [2040.0, 62.0], [2040.0, 63.0], [2040.0, 64.0], [2040.0, 65.0], [2051.0, 67.0], [2051.0, 68.0], [2060.0, 70.0], [2060.0, 71.0], [2076.0, 73.0], [2081.0, 75.0], [2081.0, 76.0], [2081.0, 77.0], [2100.0, 79.0], [2106.0, 81.0], [2121.0, 83.0], [2121.0, 84.0], [2121.0, 85.0], [2121.0, 86.0], [2121.0, 87.0], [2121.0, 88.0], [2121.0, 89.0], [2143.0, 91.0], [2162.0, 93.0], [2162.0, 94.0], [2162.0, 95.0], [2162.0, 96.0], [2162.0, 97.0], [2174.0, 99.0], [2197.0, 101.0], [2232.0, 103.0], [2232.0, 104.0], [2232.0, 105.0], [2252.0, 107.0], [2279.0, 109.0], [2279.0, 110.0], [2279.0, 111.0], [2279.0, 112.0], [2279.0, 113.0], [2279.0, 114.0], [2279.0, 115.0], [2298.0, 117.0], [2298.0, 118.0], [2298.0, 119.0], [2298.0, 120.0], [2298.0, 121.0], [2298.0, 122.0], [2298.0, 123.0], [2298.0, 124.0], [2328.0, 126.0], [2328.0, 127.0], [2328.0, 128.0], [2328.0, 129.0], [2328.0, 130.0], [2328.0, 131.0], [2328.0, 132.0], [2328.0, 133.0], [2328.0, 134.0], [2328.0, 135.0], [2328.0, 136.0]], "Wall Clock Time": 0.21224021911621094}