{"Best State": [1, 1, 1, 1, 1, 0, 0, 0, 0, 0, 0, 0, 0, 0, 0, 0, 0, 0, 0, 0, 0, 0, 0, 0, 0], "Best Fitness": 45.0, "Fitness Percentage": 0.9782608695652174, "Fitness Curve": [[11.0, 102.0], [11.0, 153.0], [34.0, 205.0], [34.0, 256.0], [37.0, 308.0], [37.0, 359.0], [38.0, 411.0], [45.0, 463.0], [45.0, 514.0], [45.0, 565.0], [45.0, 616.0], [45.0, 667.0], [45.0, 718.0], [45.0, 769.0], [45.0, 820.0], [45.0, 871.0], [45.0, 922.0], [45.0, 973.0]], "Wall Clock Time": 0.024976730346679688}