{"Best State": [0, 1, 0, 1, 0, 1, 0, 1, 0, 1, 1, 1, 0, 1, 0, 1, 0, 1, 0, 1, 0, 1, 0, 1, 1, 0, 1, 0, 1, 0, 1, 0, 0, 1, 0, 1, 0, 1, 0, 1, 0, 1, 0, 1, 0, 0, 0, 1, 0, 1, 0, 1, 0, 0, 0, 1, 0, 1, 0, 1, 0, 1, 0, 1, 0, 1, 0, 1, 0, 1, 0, 1, 1, 0, 1, 0, 1, 1, 0, 1, 1, 0, 0, 1, 0, 1, 0, 1, 0, 1, 1, 0, 1, 0, 1, 0, 1, 0, 1, 0, 1, 0, 0, 1, 0, 1, 0, 1, 0, 1, 0, 1, 1, 0, 1, 0, 1, 0, 0, 1, 0, 0, 1, 0, 0, 1, 0, 1, 0, 1, 0, 0, 1, 0, 1, 0, 1, 0, 1, 1, 0, 1, 0, 1, 0, 1, 0, 1, 0, 1, 0, 0, 1, 0, 1, 1, 0, 1, 0, 1, 0, 1, 0, 1, 0, 1, 0, 1, 0, 0, 1, 0, 1, 0, 1, 0, 0, 1, 0, 1, 0, 1, 1, 0, 1, 0, 1, 0, 1, 0, 1, 1, 0, 0, 0, 1, 0, 1, 0, 0, 1, 0, 1, 0, 1, 0, 1, 0, 1, 0, 0, 1, 0, 0, 1, 0, 1, 1, 0, 1, 0, 1, 0, 1, 0, 1, 0, 1, 0, 1, 0, 1, 1, 0, 1, 0, 1, 1, 0, 1, 0, 1, 0, 1, 1, 0, 1, 1, 0, 0], "Best Fitness": 212.0, "Fitness Percentage": 0.8514056224899599, "Fitness Curve": [[150.0, 402.0], [150.0, 603.0], [157.0, 805.0], [159.0, 1007.0], [159.0, 1208.0], [159.0, 1409.0], [168.0, 1611.0], [168.0, 1812.0], [176.0, 2014.0], [178.0, 2216.0], [182.0, 2418.0], [188.0, 2620.0], [192.0, 2822.0], [198.0, 3024.0], [200.0, 3226.0], [202.0, 3428.0], [204.0, 3630.0], [206.0, 3832.0], [210.0, 4034.0], [210.0, 4235.0], [210.0, 4436.0], [210.0, 4637.0], [212.0, 4839.0], [212.0, 5040.0], [212.0, 5241.0], [212.0, 5442.0], [212.0, 5643.0], [212.0, 5844.0], [212.0, 6045.0], [212.0, 6246.0], [212.0, 6447.0], [212.0, 6648.0], [212.0, 6849.0]], "Wall Clock Time": 388.7397849559784}