{"Training F1-Score": [0.7548806941431668, 0.8463073852295409, 0.828, 0.824, 0.8297872340425532, 0.7595505617977528, 0.8092243186582808, 0.8505263157894737, 0.8548057259713702, 0.8102345415778252], "Testing F1-Score": [0.7483296213808462, 0.7953667953667953, 0.8063241106719368, 0.7870182555780932, 0.814968814968815, 0.7592190889370933, 0.8057851239669421, 0.8302658486707567, 0.8179959100204499, 0.7639484978540773], "Fitness Curve": [[[0.6432943969868706, 103.0], [0.6432943969868706, 154.0], [0.6432943969868706, 205.0], [0.6189916669262893, 257.0], [0.6189916669262893, 308.0], [0.6014721449610784, 360.0], [0.6014721449610784, 411.0], [0.5556223150962138, 463.0], [0.5556223150962138, 514.0], [0.5556223150962138, 565.0], [0.5556223150962138, 616.0], [0.5556223150962138, 667.0], [0.5556223150962138, 718.0], [0.5425117612210906, 770.0], [0.5261775610123071, 822.0], [0.5261775610123071, 873.0], [0.5261775610123071, 924.0], [0.5261775610123071, 975.0], [0.5261775610123071, 1026.0], [0.5261775610123071, 1077.0], [0.5261775610123071, 1128.0], [0.5261775610123071, 1179.0], [0.5261775610123071, 1230.0], [0.5261775610123071, 1281.0], [0.5261775610123071, 1332.0], [0.5261775610123071, 1383.0], [0.5261775610123071, 1434.0], [0.5261775610123071, 1485.0], [0.5261775610123071, 1536.0], [0.5261775610123071, 1587.0], [0.5261775610123071, 1638.0], [0.5261775610123071, 1689.0], [0.5261775610123071, 1740.0], [0.5261775610123071, 1791.0], [0.5261775610123071, 1842.0], [0.5261775610123071, 1893.0], [0.5261775610123071, 1944.0], [0.5261775610123071, 1995.0], [0.5261775610123071, 2046.0], [0.5261775610123071, 2097.0], [0.5261775610123071, 2148.0], [0.5261775610123071, 2199.0], [0.5253218871045866, 2251.0], [0.5253218871045866, 2302.0], [0.5253218871045866, 2353.0], [0.5253218871045866, 2404.0], [0.5253218871045866, 2455.0], [0.5253218871045866, 2506.0], [0.5253218871045866, 2557.0], [0.5253218871045866, 2608.0], [0.5253218871045866, 2659.0], [0.5253218871045866, 2710.0], [0.5253218871045866, 2761.0], [0.5253218871045866, 2812.0], [0.4932987866513996, 2864.0], [0.4932987866513996, 2915.0], [0.4932987866513996, 2966.0], [0.4932987866513996, 3017.0], [0.4932987866513996, 3068.0], [0.4932987866513996, 3119.0], [0.4932987866513996, 3170.0], [0.4932987866513996, 3221.0], [0.4932987866513996, 3272.0], [0.4932987866513996, 3323.0]], [[0.5944023490707989, 103.0], [0.5944023490707989, 154.0], [0.5944023490707989, 205.0], [0.5944023490707989, 256.0], [0.5723609867352618, 308.0], [0.5723609867352618, 359.0], [0.5593585267190205, 411.0], [0.5593585267190205, 462.0], [0.5593585267190205, 513.0], [0.5593585267190205, 564.0], [0.5567268009536381, 616.0], [0.5567268009536381, 667.0], [0.5567268009536381, 718.0], [0.5567268009536381, 769.0], [0.5567268009536381, 820.0], [0.5567268009536381, 871.0], [0.5567268009536381, 922.0], [0.5567268009536381, 973.0], [0.5567268009536381, 1024.0], [0.5567268009536381, 1075.0], [0.5159202621058455, 1127.0], [0.5159202621058455, 1178.0], [0.5159202621058455, 1229.0], [0.5159202621058455, 1280.0], [0.4927010587335209, 1332.0], [0.4927010587335209, 1383.0], [0.4927010587335209, 1434.0], [0.4927010587335209, 1485.0], [0.4927010587335209, 1536.0], [0.4927010587335209, 1587.0], [0.4927010587335209, 1638.0], [0.4927010587335209, 1689.0], [0.4927010587335209, 1740.0], [0.4927010587335209, 1791.0], [0.4619156438421656, 1843.0], [0.4619156438421656, 1894.0], [0.45945132379391224, 1946.0], [0.45945132379391224, 1997.0], [0.45945132379391224, 2048.0], [0.45945132379391224, 2099.0], [0.45945132379391224, 2150.0], [0.45945132379391224, 2201.0], [0.45945132379391224, 2252.0], [0.45945132379391224, 2303.0], [0.45945132379391224, 2354.0], [0.4579398945874301, 2406.0], [0.4579398945874301, 2457.0], [0.4579398945874301, 2508.0], [0.4579398945874301, 2559.0], [0.4579398945874301, 2610.0], [0.4579398945874301, 2661.0], [0.4579398945874301, 2712.0], [0.4579398945874301, 2763.0], [0.4446720514888559, 2815.0], [0.4446720514888559, 2866.0], [0.4446720514888559, 2917.0], [0.4446720514888559, 2968.0], [0.4446720514888559, 3019.0], [0.4446720514888559, 3070.0], [0.4446720514888559, 3121.0], [0.4446720514888559, 3172.0], [0.4446720514888559, 3223.0], [0.4220691768350403, 3275.0], [0.4220691768350403, 3326.0]], [[0.5221247197481272, 103.0], [0.5221247197481272, 154.0], [0.5221247197481272, 205.0], [0.5221247197481272, 256.0], [0.5221247197481272, 307.0], [0.487317031579557, 359.0], [0.487317031579557, 410.0], [0.487317031579557, 461.0], [0.487317031579557, 512.0], [0.487317031579557, 563.0], [0.487317031579557, 614.0], [0.487317031579557, 665.0], [0.487317031579557, 716.0], [0.487317031579557, 767.0], [0.487317031579557, 818.0], [0.487317031579557, 869.0], [0.487317031579557, 920.0], [0.487317031579557, 971.0], [0.487317031579557, 1022.0], [0.487317031579557, 1073.0], [0.487317031579557, 1124.0], [0.487317031579557, 1175.0], [0.487317031579557, 1226.0], [0.487317031579557, 1277.0], [0.487317031579557, 1328.0], [0.487317031579557, 1379.0], [0.487317031579557, 1430.0], [0.487317031579557, 1481.0], [0.487317031579557, 1532.0], [0.487317031579557, 1583.0], [0.487317031579557, 1634.0], [0.4579418464738307, 1686.0], [0.4579418464738307, 1737.0], [0.4579418464738307, 1788.0], [0.4579418464738307, 1839.0], [0.4579418464738307, 1890.0], [0.4579418464738307, 1941.0], [0.4579418464738307, 1992.0], [0.4579418464738307, 2043.0], [0.4579418464738307, 2094.0], [0.4579418464738307, 2145.0], [0.4579418464738307, 2196.0], [0.4579418464738307, 2247.0], [0.4579418464738307, 2298.0], [0.4579418464738307, 2349.0], [0.4579418464738307, 2400.0], [0.4579418464738307, 2451.0], [0.4579418464738307, 2502.0], [0.4579418464738307, 2553.0], [0.4579418464738307, 2604.0], [0.4579418464738307, 2655.0], [0.4579418464738307, 2706.0], [0.449563383181477, 2758.0], [0.449563383181477, 2809.0], [0.449563383181477, 2860.0], [0.449563383181477, 2911.0], [0.449563383181477, 2962.0], [0.449563383181477, 3013.0], [0.449563383181477, 3064.0], [0.449563383181477, 3115.0], [0.449563383181477, 3166.0], [0.449563383181477, 3217.0], [0.449563383181477, 3268.0], [0.449563383181477, 3319.0]], [[0.5132906871214694, 103.0], [0.5132906871214694, 154.0], [0.5132906871214694, 205.0], [0.5132906871214694, 256.0], [0.5132906871214694, 307.0], [0.46687850921363405, 359.0], [0.46687850921363405, 410.0], [0.46687850921363405, 461.0], [0.46687850921363405, 512.0], [0.46687850921363405, 563.0], [0.46687850921363405, 614.0], [0.46687850921363405, 665.0], [0.46687850921363405, 716.0], [0.46687850921363405, 767.0], [0.46687850921363405, 818.0], [0.46687850921363405, 869.0], [0.46687850921363405, 920.0], [0.46687850921363405, 971.0], [0.46687850921363405, 1022.0], [0.46687850921363405, 1073.0], [0.46687850921363405, 1124.0], [0.46687850921363405, 1175.0], [0.46687850921363405, 1226.0], [0.46687850921363405, 1277.0], [0.46687850921363405, 1328.0], [0.46687850921363405, 1379.0], [0.46687850921363405, 1430.0], [0.46687850921363405, 1481.0], [0.46687850921363405, 1532.0], [0.46687850921363405, 1583.0], [0.46687850921363405, 1634.0], [0.46687850921363405, 1685.0], [0.46687850921363405, 1736.0], [0.46687850921363405, 1787.0], [0.46687850921363405, 1838.0], [0.46687850921363405, 1889.0], [0.46687850921363405, 1940.0], [0.46687850921363405, 1991.0], [0.46687850921363405, 2042.0], [0.46687850921363405, 2093.0], [0.46687850921363405, 2144.0], [0.46687850921363405, 2195.0], [0.46687850921363405, 2246.0], [0.46687850921363405, 2297.0], [0.46687850921363405, 2348.0], [0.46687850921363405, 2399.0], [0.46687850921363405, 2450.0], [0.46687850921363405, 2501.0], [0.46687850921363405, 2552.0], [0.46687850921363405, 2603.0], [0.46687850921363405, 2654.0], [0.46687850921363405, 2705.0], [0.46687850921363405, 2756.0], [0.46687850921363405, 2807.0], [0.46687850921363405, 2858.0], [0.46687850921363405, 2909.0], [0.4533952652847149, 2961.0], [0.4533952652847149, 3012.0], [0.4533952652847149, 3063.0], [0.4533952652847149, 3114.0], [0.4533952652847149, 3165.0], 