{"Best State": [1, 0, 1, 0, 0, 0, 1, 0, 0, 1, 0, 1, 0, 1, 0, 0, 0, 1, 0, 0, 1, 0, 1, 0, 1, 0, 1, 0, 1, 0, 1, 0, 1, 0, 1, 0, 1, 0, 1, 0, 0, 1, 0, 0, 0, 1, 0, 1, 0, 1, 0, 0, 1, 0, 1, 0, 1, 0, 1, 0, 1, 0, 1, 1, 0, 1, 0, 1, 0, 0, 1, 0, 1, 0, 1, 0, 1, 0, 1, 0, 1, 1, 0, 1, 1, 1, 0, 1, 1, 0, 1, 0, 0, 1, 0, 1, 0, 1, 0, 1, 0, 0, 1, 0, 1, 1, 1, 0, 1, 1, 0, 1, 0, 1, 0, 1, 0, 0, 1, 0, 1, 0, 1, 1, 0, 1, 0, 1, 1, 0, 1, 0, 1, 0, 1, 1, 1, 0, 1, 0, 1, 1, 0, 1, 0, 1, 1, 0, 1, 0, 1, 0, 1, 0, 0, 1, 0, 0, 1, 0, 1, 0, 1, 0, 1, 0, 1, 0, 0, 0, 1, 1, 0, 1, 0, 1, 0, 0, 0, 1, 0, 0, 1, 0, 1, 0, 1, 0, 0, 1, 0, 1, 0, 0, 1, 0, 1, 0, 1, 0, 1, 0, 1, 0, 0, 1, 0, 1, 0, 1, 0, 1, 0, 1, 0, 1, 0, 1, 0, 0, 1, 0, 1, 0, 1], "Best Fitness": 184.0, "Fitness Percentage": 0.8214285714285714, "Fitness Curve": [[132.0, 102.0], [132.0, 153.0], [135.0, 205.0], [135.0, 256.0], [135.0, 307.0], [135.0, 358.0], [135.0, 409.0], [136.0, 461.0], [138.0, 513.0], [140.0, 565.0], [140.0, 616.0], [144.0, 668.0], [144.0, 719.0], [144.0, 770.0], [144.0, 821.0], [144.0, 872.0], [146.0, 924.0], [146.0, 975.0], [146.0, 1026.0], [146.0, 1077.0], [148.0, 1129.0], [152.0, 1181.0], [152.0, 1232.0], [152.0, 1283.0], [152.0, 1334.0], [156.0, 1386.0], [156.0, 1437.0], [156.0, 1488.0], [156.0, 1539.0], [156.0, 1590.0], [158.0, 1642.0], [158.0, 1693.0], [160.0, 1745.0], [160.0, 1796.0], [168.0, 1848.0], [168.0, 1899.0], [168.0, 1950.0], [168.0, 2001.0], [168.0, 2052.0], [168.0, 2103.0], [168.0, 2154.0], [172.0, 2206.0], [172.0, 2257.0], [174.0, 2309.0], [174.0, 2360.0], [176.0, 2412.0], [176.0, 2463.0], [176.0, 2514.0], [180.0, 2566.0], [180.0, 2617.0], [180.0, 2668.0], [180.0, 2719.0], [180.0, 2770.0], [180.0, 2821.0], [180.0, 2872.0], [180.0, 2923.0], [182.0, 2975.0], [182.0, 3026.0], [182.0, 3077.0], [182.0, 3128.0], [182.0, 3179.0], [182.0, 3230.0], [182.0, 3281.0], [182.0, 3332.0], [182.0, 3383.0], [182.0, 3434.0], [184.0, 3486.0], [184.0, 3537.0], [184.0, 3588.0], [184.0, 3639.0], [184.0, 3690.0], [184.0, 3741.0], [184.0, 3792.0], [184.0, 3843.0], [184.0, 3894.0], [184.0, 3945.0], [184.0, 3996.0]], "Wall Clock Time": 0.3615741729736328}