{"Best State": [0, 1, 0, 0, 1, 1, 0, 1, 0, 0, 1, 0, 1, 0, 1, 0, 1, 1, 0, 1, 0, 1, 1, 0, 1, 0, 0, 0, 1, 0, 1, 0, 1, 0, 1, 1, 0, 1, 0, 0, 1, 0, 1, 1, 0, 0, 0, 0, 1, 1, 0, 1, 1, 0, 1, 0, 0, 1, 0, 1, 0, 1, 0, 0, 1, 0, 1, 0, 1, 0, 1, 0, 1, 1, 0, 0, 1, 1, 1, 0, 0, 1, 0, 1, 0, 1, 1, 0, 0, 1, 0, 1, 0, 1, 0, 0, 1, 1, 0, 0], "Best Fitness": 72.0, "Fitness Percentage": 0.7272727272727273, "Fitness Curve": [[48.0, 77.0], [48.0, 78.0], [50.0, 80.0], [50.0, 81.0], [50.0, 82.0], [50.0, 83.0], [50.0, 84.0], [50.0, 85.0], [50.0, 86.0], [52.0, 88.0], [52.0, 89.0], [52.0, 90.0], [52.0, 91.0], [52.0, 92.0], [52.0, 93.0], [54.0, 95.0], [54.0, 96.0], [54.0, 97.0], [54.0, 98.0], [54.0, 99.0], [56.0, 101.0], [56.0, 102.0], [58.0, 104.0], [58.0, 105.0], [60.0, 107.0], [60.0, 108.0], [60.0, 109.0], [62.0, 111.0], [62.0, 112.0], [62.0, 113.0], [62.0, 114.0], [62.0, 115.0], [62.0, 116.0], [62.0, 117.0], [62.0, 118.0], [62.0, 119.0], [62.0, 120.0], [64.0, 122.0], [64.0, 123.0], [64.0, 124.0], [64.0, 125.0], [66.0, 127.0], [66.0, 128.0], [66.0, 129.0], [66.0, 130.0], [66.0, 131.0], [68.0, 133.0], [68.0, 134.0], [68.0, 135.0], [68.0, 136.0], [68.0, 137.0], [68.0, 138.0], [68.0, 139.0], [68.0, 140.0], [70.0, 142.0], [70.0, 143.0], [70.0, 144.0], [70.0, 145.0], [70.0, 146.0], [70.0, 147.0], [72.0, 149.0], [72.0, 150.0], [72.0, 151.0], [72.0, 152.0], [72.0, 153.0], [72.0, 154.0], [72.0, 155.0], [72.0, 156.0], [72.0, 157.0], [72.0, 158.0], [72.0, 159.0]], "Wall Clock Time": 0.006286144256591797}