{"Training F1-Score": [0.8419047619047618, 0.7899461400359066, 0.8079710144927537, 0.7992277992277992, 0.8469184890656064, 0.733644859813084, 0.8076190476190476, 0.8041237113402062, 0.775599128540305, 0.8112449799196787], "Testing F1-Score": [0.8113207547169811, 0.7819548872180452, 0.7669724770642202, 0.787878787878788, 0.8161616161616162, 0.6824644549763034, 0.8014981273408239, 0.7704590818363274, 0.7688984881209503, 0.7984189723320158], "Fitness Curve": [[[0.6439323474762498, 103.0], [0.5376329447454409, 155.0], [0.5376329447454409, 206.0], [0.5376329447454409, 257.0], [0.5376329447454409, 308.0], [0.5376329447454409, 359.0], [0.5251958270182497, 411.0], [0.5251958270182497, 462.0], [0.5251958270182497, 513.0], [0.5251958270182497, 564.0], [0.5251958270182497, 615.0], [0.5251958270182497, 666.0], [0.5251958270182497, 717.0], [0.5251958270182497, 768.0], [0.5251958270182497, 819.0], [0.5251958270182497, 870.0], [0.5251958270182497, 921.0], [0.5251958270182497, 972.0], [0.5251958270182497, 1023.0], [0.5251958270182497, 1074.0], [0.5251958270182497, 1125.0], [0.4807476501925545, 1177.0], [0.4807476501925545, 1228.0], [0.4807476501925545, 1279.0], [0.4739624485817368, 1331.0], [0.4739624485817368, 1382.0], [0.4739624485817368, 1433.0], [0.4739624485817368, 1484.0], [0.4704699134734598, 1536.0], [0.4704699134734598, 1587.0], [0.4704699134734598, 1638.0], [0.4704699134734598, 1689.0]], [[0.6272969707344903, 103.0], [0.6272969707344903, 154.0], [0.6272969707344903, 205.0], [0.6272969707344903, 256.0], [0.5311477903135305, 308.0], [0.5311477903135305, 359.0], [0.5266291559903215, 411.0], [0.5266291559903215, 462.0], [0.5266291559903215, 513.0], [0.5266291559903215, 564.0], [0.5266291559903215, 615.0], [0.5266291559903215, 666.0], [0.5266291559903215, 717.0], [0.5266291559903215, 768.0], [0.5266291559903215, 819.0], [0.5266291559903215, 870.0], [0.5266291559903215, 921.0], [0.5183890427047944, 973.0], [0.5178311355999504, 1025.0], [0.5178311355999504, 1076.0], [0.5178311355999504, 1127.0], [0.5178311355999504, 1178.0], [0.5178311355999504, 1229.0], [0.5178311355999504, 1280.0], [0.5178311355999504, 1331.0], [0.5178311355999504, 1382.0], [0.5178311355999504, 1433.0], [0.5117531181191014, 1485.0], [0.4939011176010074, 1537.0], [0.4939011176010074, 1588.0], [0.4939011176010074, 1639.0], [0.48445752023080874, 1691.0]], [[0.6188460083691216, 103.0], [0.5821387343682568, 155.0], [0.5821387343682568, 206.0], [0.5821387343682568, 257.0], [0.5821387343682568, 308.0], [0.5821387343682568, 359.0], [0.550111998846024, 411.0], [0.550111998846024, 462.0], [0.550111998846024, 513.0], [0.550111998846024, 564.0], [0.550111998846024, 615.0], [0.550111998846024, 666.0], [0.550111998846024, 717.0], [0.5451315321181698, 769.0], [0.5124704214113575, 821.0], [0.5124704214113575, 872.0], [0.5124704214113575, 923.0], [0.5124704214113575, 974.0], [0.5124704214113575, 1025.0], [0.5124704214113575, 1076.0], [0.5124704214113575, 1127.0], [0.5124704214113575, 1178.0], [0.5124704214113575, 1229.0], [0.5124704214113575, 1280.0], [0.5124704214113575, 1331.0], [0.5124704214113575, 1382.0], [0.5124704214113575, 1433.0], [0.5124704214113575, 1484.0], [0.5124704214113575, 1535.0], [0.5124704214113575, 1586.0], [0.5124704214113575, 1637.0], [0.5124704214113575, 1688.0]], [[0.5295693487844684, 103.0], [0.5295693487844684, 154.0], [0.5295693487844684, 205.0], [0.5295693487844684, 256.0], [0.5295693487844684, 307.0], [0.5295693487844684, 358.0], [0.5295693487844684, 409.0], [0.5295693487844684, 460.0], [0.5295693487844684, 511.0], [0.5295693487844684, 562.0], [0.5295693487844684, 613.0], [0.5295693487844684, 664.0], [0.5295693487844684, 715.0], [0.5295693487844684, 766.0], [0.5295693487844684, 817.0], [0.5295693487844684, 868.0], [0.5295693487844684, 919.0], [0.5295693487844684, 970.0], [0.5295693487844684, 1021.0], [0.5295693487844684, 1072.0], [0.5143503085705566, 1124.0], [0.5143503085705566, 1175.0], [0.5143503085705566, 1226.0], [0.5143503085705566, 1277.0], [0.5143503085705566, 1328.0], [0.5143503085705566, 1379.0], [0.5143503085705566, 1430.0], [0.5143503085705566, 1481.0], [0.5143503085705566, 1532.0], [0.5143503085705566, 1583.0], [0.5143503085705566, 1634.0], [0.5143503085705566, 1685.0]], [[0.6202280461283519, 103.0], [0.6154298713005476, 155.0], [0.6154298713005476, 206.0], [0.6154298713005476, 257.0], [0.5521515307893153, 309.0], [0.5286526352169397, 361.0], [0.5286526352169397, 412.0], [0.5286526352169397, 463.0], [0.5286526352169397, 514.0], [0.5286526352169397, 565.0], [0.5125397774225484, 617.0], [0.5125397774225484, 668.0], [0.5125397774225484, 719.0], [0.5125397774225484, 770.0], [0.5125397774225484, 821.0], [0.5125397774225484, 872.0], [0.5125397774225484, 923.0], [0.5125397774225484, 974.0], [0.4882713674095639, 1026.0], [0.4882713674095639, 1077.0], [0.4882713674095639, 1128.0], [0.4882713674095639, 1179.0], [0.4882713674095639, 1230.0], [0.4882713674095639, 1281.0], [0.4882713674095639, 1332.0], [0.4882713674095639, 1383.0], [0.4882713674095639, 1434.0], [0.48316899350584824, 1486.0], [0.4783299895967957, 1538.0], [0.4534642810837209, 1590.0], [0.4534642810837209, 1641.0], [0.4534642810837209, 1692.0]], [[0.6086029063704279, 103.0], [0.6086029063704279, 154.0], [0.6086029063704279, 205.0], [0.5601240860531763, 257.0], [0.5601240860531763, 308.0], [0.5601240860531763, 359.0], [0.5601240860531763, 410.0], [0.5601240860531763, 461.0], [0.5601240860531763, 512.0], [0.5598666733382188, 564.0], [0.5512064374199447, 616.0], [0.5512064374199447, 667.0], [0.5512064374199447, 718.0], [0.5512064374199447, 769.0], [0.5349229638825643, 821.0], [0.5349229638825643, 872.0], [0.5349229638825643, 923.0], [0.5349229638825643, 974.0], [0.5349229638825643, 1025.0], [0.5349229638825643, 1076.0], [0.5349229638825643, 1127.0], [0.5349229638825643, 1178.0], [0.5349229638825643, 1229.0], [0.5349229638825643, 1280.0], [0.5349229638825643, 1331.0], [0.5349229638825643, 1382.0], [0.5349229638825643, 1433.0], [0.5349229638825643, 1484.0], [0.5349229638825643, 1535.0], [0.5349229638825643, 1586.0], [0.5349229638825643, 1637.0], [0.5349229638825643, 1688.0]], [[0.5969429494915296, 103.0], [0.5969429494915296, 154.0], [0.5365498074916822, 206.0], [0.5198943510965165, 258.0], [0.4762797861379716, 310.0], [0.4762797861379716, 361.0], [0.4762797861379716, 412.0], [0.4762797861379716, 463.0], [0.4762797861379716, 514.0], [0.4762797861379716, 565.0], [0.4762797861379716, 616.0], [0.4762797861379716, 667.0], [0.4762797861379716, 718.0], [0.4762797861379716, 769.0], [0.4762797861379716, 820.0], [0.4762797861379716, 871.0], [0.4762797861379716, 922.0], [0.4762797861379716, 973.0], [0.4762797861379716, 1024.0], [0.4762797861379716, 1075.0], [0.4762797861379716, 1126.0], [0.4762797861379716, 1177.0], [0.4762797861379716, 1228.0], [0.4762797861379716, 1279.0], [0.4762797861379716, 1330.0], [0.4762797861379716, 1381.0], [0.4762797861379716, 1432.0], [0.4762797861379716, 1483.0], [0.4762797861379716, 1534.0], [0.4762797861379716, 1585.0], [0.4762797861379716, 1636.0], [0.4762797861379716, 1687.0]], [[0.6329517488682448, 103.0], [0.5732161573446825, 155.0], [0.5732161573446825, 206.0], [0.5611168306944605, 258.0], [0.5611168306944605, 309.0], [0.5611168306944605, 360.0], [0.5439799355859382, 412.0], [0.5439799355859382, 463.0], [0.5439799355859382, 514.0], [0.5439799355859382, 565.0], [0.5439799355859382, 616.0], [0.5439799355859382, 667.0], [0.5439799355859382, 718.0], [0.5439799355859382, 769.0], [0.5439799355859382, 820.0], [0.5439799355859382, 871.0], [0.5439799355859382, 922.0], [0.5347900280907347, 974.0], [0.5153032192794018, 1026.0], [0.5153032192794018, 1077.0], [0.5153032192794018, 1128.0], [0.5153032192794018, 1179.0], [0.5153032192794018, 1230.0], [0.5153032192794018, 1281.0], [0.5153032192794018, 1332.0], [0.4640396347344305, 1384.0], [0.4640396347344305, 1435.0], [0.4640396347344305, 1486.0], [0.4640396347344305, 1537.0], [0.4640396347344305, 1588.0], [0.4640396347344305, 1639.0], [0.4640396347344305, 