{"Best State": [1, 1, 1, 1, 1, 1, 1, 1, 1, 1, 1, 1, 1, 1, 1, 1, 1, 1, 0, 0, 1, 0, 1, 1, 1, 0, 0, 0, 0, 1, 1, 0, 0, 0, 1, 0, 0, 0, 1, 1, 0, 1, 1, 1, 0, 0, 0, 0, 1, 0, 0, 1, 1, 0, 1, 0, 1, 1, 0, 0, 1, 1, 0, 1, 1, 0, 1, 0, 1, 1, 1, 1, 1, 0, 1], "Best Fitness": 18.0, "Fitness Percentage": 0.13043478260869565, "Fitness Curve": [[11.0, 102.0], [11.0, 153.0], [11.0, 204.0], [11.0, 255.0], [11.0, 306.0], [11.0, 357.0], [14.0, 409.0], [14.0, 460.0], [14.0, 511.0], [15.0, 563.0], [15.0, 614.0], [15.0, 665.0], [15.0, 716.0], [15.0, 767.0], [18.0, 819.0], [18.0, 870.0], [18.0, 921.0], [18.0, 972.0], [18.0, 1023.0], [18.0, 1074.0], [18.0, 1125.0], [18.0, 1176.0], [18.0, 1227.0], [18.0, 1278.0], [18.0, 1329.0]], "Wall Clock Time": 0.033612966537475586}