{"Best State": [0, 1, 0, 0, 1, 0, 1, 0, 1, 0, 1, 1, 0, 1, 0, 0, 1, 1, 0, 1, 1, 0, 1, 0, 1, 1, 0, 1, 0, 0, 0, 1, 0, 1, 0, 1, 0, 1, 0, 1, 1, 0, 1, 0, 1, 0, 1, 1, 0, 1], "Best Fitness": 39.0, "Fitness Percentage": 0.7959183673469388, "Fitness Curve": [[25.0, 1.0], [25.0, 2.0], [25.0, 3.0], [25.0, 4.0], [25.0, 5.0], [25.0, 6.0], [27.0, 8.0], [27.0, 9.0], [29.0, 11.0], [29.0, 12.0], [29.0, 13.0], [29.0, 14.0], [29.0, 15.0], [29.0, 16.0], [30.0, 18.0], [32.0, 20.0], [32.0, 21.0], [34.0, 23.0], [34.0, 24.0], [34.0, 25.0], [34.0, 26.0], [34.0, 27.0], [36.0, 29.0], [36.0, 30.0], [36.0, 31.0], [36.0, 32.0], [36.0, 33.0], [36.0, 34.0], [36.0, 35.0], [37.0, 37.0], [37.0, 38.0], [37.0, 39.0], [39.0, 41.0], [39.0, 42.0], [39.0, 43.0], [39.0, 44.0], [39.0, 45.0], [39.0, 46.0], [39.0, 47.0], [39.0, 48.0], [39.0, 49.0], [39.0, 50.0], [39.0, 51.0]], "Wall Clock Time": 0.003587961196899414}