{"Best State": [1, 0, 1, 1, 1, 0, 1, 0, 1, 1, 0, 0, 1, 0, 0, 0, 0, 0, 0, 1, 0, 1, 1, 0, 1, 1, 0, 1, 0, 1, 0, 1, 1, 0, 1, 0, 1, 1, 0, 0, 0, 0, 0, 1, 1, 0, 1, 0, 1, 1, 0, 1, 0, 0, 1, 0, 1, 0, 1, 0, 1, 1, 0, 1, 0, 1, 1, 0, 0, 0, 0, 1, 1, 1, 1, 0, 0, 1, 1, 1, 1, 0, 0, 0, 0, 1, 0, 1, 0, 1, 0, 0, 0, 0, 1, 1, 0, 0, 1, 0, 1, 1, 0, 1, 1, 0, 1, 0, 1, 0, 1, 0, 1, 0, 1, 1, 1, 1, 0, 1, 0, 0, 0, 0, 1, 0, 1, 0, 0, 0, 0, 0, 1, 0, 1, 1, 0, 1, 0, 1, 1, 1, 1, 1, 1, 0, 0, 1, 0, 0, 1, 1, 0, 1, 0, 0, 0, 0, 1, 0, 1, 0, 1, 0, 0, 0, 1, 0, 0, 1, 1, 1, 1, 0, 1, 0, 1, 0, 0, 1, 0, 1, 0, 0, 0, 1, 0, 1, 0, 1, 0, 1, 1, 1, 0, 1, 0, 1, 0, 0, 1, 0, 0, 1, 1, 0, 0, 1, 0, 0, 0, 1, 0, 0, 0, 1, 0, 1, 1, 1, 0, 0, 1, 1, 0], "Best Fitness": 137.0, "Fitness Percentage": 0.6116071428571429, "Fitness Curve": [[111.0, 36.0], [111.0, 37.0], [111.0, 38.0], [111.0, 39.0], [111.0, 40.0], [111.0, 41.0], [111.0, 42.0], [113.0, 44.0], [113.0, 45.0], [113.0, 46.0], [113.0, 47.0], [113.0, 48.0], [113.0, 49.0], [113.0, 50.0], [113.0, 51.0], [115.0, 53.0], [117.0, 55.0], [117.0, 56.0], [119.0, 58.0], [119.0, 59.0], [119.0, 60.0], [119.0, 61.0], [121.0, 63.0], [121.0, 64.0], [123.0, 66.0], [125.0, 68.0], [125.0, 69.0], [125.0, 70.0], [125.0, 71.0], [125.0, 72.0], [125.0, 73.0], [127.0, 75.0], [127.0, 76.0], [127.0, 77.0], [129.0, 79.0], [129.0, 80.0], [129.0, 81.0], [129.0, 82.0], [131.0, 84.0], [131.0, 85.0], [131.0, 86.0], [131.0, 87.0], [131.0, 88.0], [133.0, 90.0], [133.0, 91.0], [135.0, 93.0], [135.0, 94.0], [135.0, 95.0], [137.0, 97.0], [137.0, 98.0], [137.0, 99.0], [137.0, 100.0], [137.0, 101.0], [137.0, 102.0], [137.0, 103.0], [137.0, 104.0], [137.0, 105.0], [137.0, 106.0], [137.0, 107.0]], "Wall Clock Time": 0.011531829833984375}