{"Best State": [1, 0, 1, 1, 1, 0, 1, 0, 1, 0, 1, 0, 1, 0, 1, 0, 1, 0, 1, 0, 1, 1, 0, 1, 0, 1, 0, 1, 0, 0, 1, 0, 1, 0, 1, 1, 0, 0, 1, 0, 1, 0, 0, 1, 0, 1, 0, 1, 0, 1], "Best Fitness": 42.0, "Fitness Percentage": 0.8571428571428571, "Fitness Curve": [[25.0, 2.0], [25.0, 3.0], [25.0, 5.0], [25.0, 6.0], [25.0, 8.0], [25.0, 10.0], [25.0, 11.0], [25.0, 12.0], [25.0, 13.0], [27.0, 15.0], [27.0, 17.0], [29.0, 19.0], [29.0, 21.0], [29.0, 23.0], [29.0, 25.0], [29.0, 27.0], [29.0, 29.0], [29.0, 30.0], [27.0, 32.0], [27.0, 34.0], [27.0, 35.0], [27.0, 37.0], [27.0, 39.0], [29.0, 41.0], [29.0, 42.0], [29.0, 44.0], [29.0, 46.0], [30.0, 48.0], [30.0, 50.0], [30.0, 52.0], [32.0, 54.0], [32.0, 55.0], [32.0, 57.0], [32.0, 58.0], [34.0, 60.0], [34.0, 61.0], [34.0, 62.0], [34.0, 63.0], [34.0, 65.0], [34.0, 66.0], [34.0, 68.0], [34.0, 70.0], [34.0, 71.0], [34.0, 73.0], [34.0, 75.0], [34.0, 76.0], [34.0, 77.0], [34.0, 78.0], [34.0, 79.0], [34.0, 81.0], [34.0, 83.0], [34.0, 85.0], [34.0, 86.0], [33.0, 88.0], [33.0, 89.0], [33.0, 91.0], [33.0, 93.0], [33.0, 94.0], [33.0, 95.0], [33.0, 97.0], [33.0, 98.0], [33.0, 99.0], [33.0, 100.0], [33.0, 101.0], [33.0, 102.0], [33.0, 104.0], [33.0, 105.0], [33.0, 107.0], [33.0, 108.0], [33.0, 110.0], [33.0, 112.0], [33.0, 113.0], [33.0, 115.0], [33.0, 116.0], [33.0, 118.0], [33.0, 119.0], [33.0, 121.0], [33.0, 122.0], [33.0, 124.0], [33.0, 125.0], [35.0, 127.0], [35.0, 129.0], [35.0, 130.0], [35.0, 132.0], [35.0, 133.0], [35.0, 135.0], [37.0, 137.0], [38.0, 139.0], [38.0, 140.0], [38.0, 141.0], [38.0, 142.0], [38.0, 143.0], [40.0, 145.0], [40.0, 146.0], [40.0, 147.0], [40.0, 148.0], [40.0, 149.0], [40.0, 150.0], [40.0, 152.0], [40.0, 153.0], [40.0, 155.0], [40.0, 157.0], [40.0, 158.0], [40.0, 160.0], [40.0, 161.0], [40.0, 163.0], [40.0, 165.0], [40.0, 166.0], [40.0, 168.0], [40.0, 169.0], [40.0, 171.0], [40.0, 172.0], [40.0, 174.0], [42.0, 176.0], [42.0, 177.0], [42.0, 178.0], [42.0, 180.0], [42.0, 181.0], [42.0, 182.0], [42.0, 183.0], [42.0, 185.0], [42.0, 186.0], [42.0, 187.0], [42.0, 188.0], [42.0, 189.0], [42.0, 190.0], [42.0, 191.0], [42.0, 193.0], [42.0, 194.0], [42.0, 195.0], [42.0, 196.0], [42.0, 197.0], [42.0, 198.0], [42.0, 199.0], [42.0, 200.0], [42.0, 201.0], [42.0, 202.0], [42.0, 203.0]], "Wall Clock Time": 0.004246711730957031}