{"Training F1-Score": [0.6630581867388363, 0.37288135593220334, 0.6757123473541383, 0.17204301075268819, 0.48117154811715485, 0.5697151424287855, 0.0, 0.67578125, 0.6666666666666666, 0.6564673157162726], "Testing F1-Score": [0.6558265582655827, 0.35775862068965514, 0.6648426812585498, 0.19217081850533807, 0.4685466377440347, 0.5577211394302848, 0.0, 0.6424242424242425, 0.6603518267929634, 0.6509040333796939], "Fitness Curve": [[[0.742168398799307, 3.0], [0.742168398799307, 5.0], [0.7433538577748392, 7.0], [0.7574371791270288, 9.0], [0.7566843873613518, 11.0], [0.7566843873613518, 13.0], [0.7558228745833728, 15.0], [0.7564623628303583, 17.0], [0.7586399491988589, 19.0], [0.7593950008810028, 21.0], [0.7501469467711589, 23.0], [0.7509245657775336, 25.0], [0.750156797978188, 27.0], [0.7481099255698643, 29.0], [0.7514719696104812, 31.0], [0.7514347553695186, 33.0], [0.7540470244801705, 35.0], [0.7448611726885243, 37.0], [0.7428230782899158, 39.0], [0.7414270860373862, 41.0], [0.7407613229386955, 43.0], [0.7384648161159214, 45.0], [0.7372534868757701, 47.0], [0.7589702195550613, 49.0], [0.7612982083686085, 51.0], [0.7612982083686085, 53.0], [0.7630585031268372, 55.0], [0.7642528744543681, 57.0], [0.7637517544119521, 59.0], [0.7627329816839956, 61.0], [0.7627653569756305, 63.0], [0.7615744299770677, 65.0]], [[0.8735858171652787, 3.0], [0.874479059969992, 5.0], [0.881025362848263, 7.0], [0.8786705267095449, 9.0], [0.8717132575122718, 11.0], [0.8670184105296969, 13.0], [0.8717543764808988, 15.0], [0.8770072005787568, 17.0], [0.877183958980283, 19.0], [0.8772321220312587, 21.0], [0.8768082203203041, 23.0], [0.8768082203203041, 25.0], [0.8761036490462427, 27.0], [0.8770661043299994, 29.0], [0.8798867300694291, 31.0], [0.8792445305128137, 33.0], [0.8794757162502236, 35.0], [0.8790697791428671, 37.0], [0.8799799642647262, 39.0], [0.8863622610874419, 41.0], [0.8873873766032818, 43.0], [0.8862766000545741, 45.0], [0.9058313348815243, 47.0], [0.9046305691796972, 49.0], [0.90623466281028, 51.0], [0.9074062713244796, 53.0], [0.9069672921706542, 55.0], [0.9032468986283373, 57.0], [0.903403240860254, 59.0], [0.9043688800350641, 61.0], [0.904589383513093, 63.0], [0.9014907074552927, 65.0]], [[1.1882666182590482, 3.0], [1.1797413231802258, 5.0], [1.181424098863993, 7.0], [1.1503551351501669, 9.0], [1.1520206384789364, 11.0], [1.149629648054288, 13.0], [1.144256447093455, 15.0], [1.1428038134300378, 17.0], [1.1464916826588782, 19.0], [1.1385611213131144, 21.0], [1.1467454285034167, 23.0], [1.1671313979099223, 25.0], [1.1656514727122913, 27.0], [1.1522188458633826, 29.0], [1.151469004994295, 31.0], [1.1494012354263605, 33.0], [1.1469162440614975, 35.0], [1.1264299814727323, 37.0], [1.1256802567485316, 39.0], [1.125599611545912, 41.0], [1.1272874199322882, 43.0], [1.104821761511729, 45.0], [1.10061184454809, 47.0], [1.1005903131281112, 49.0], [1.1023305485379908, 51.0], [1.1023305485379908, 52.0], [1.0999109762785355, 54.0], [1.0976953964086777, 56.0], [1.09735265728853, 58.0], [1.0981240900144542, 60.0], [1.0968354756296257, 62.0], [1.0985296035926748, 64.0]], [[0.9076969635106198, 3.0], [0.9090726589213755, 5.0], [0.9110780628179053, 7.0], [0.9092099731793579, 9.0], [0.9061709201736308, 11.0], [0.9054385450379804, 13.0], [0.9055417823047078, 15.0], [0.9076823660959897, 17.0], [0.9076823660959897, 19.0], [0.9038266550968564, 21.0], [0.9036247838679958, 23.0], [0.9030323478498034, 25.0], [0.9028134552279149, 27.0], [0.9045046723783774, 29.0], [0.906107272403289, 31.0], [0.906107272403289, 33.0], [0.906107272403289, 35.0], [0.9037040271958946, 37.0], [0.9063104005261554, 39.0], [0.9054333901157952, 41.0], [0.9048207793201807, 43.0], [0.8950374625666153, 45.0], [0.895663659231237, 47.0], [0.8942281901721962, 49.0], [0.8945345571549272, 51.0], [0.8942274393134234, 53.0], [0.8929111273934418, 55.0], [0.893137933473201, 57.0], [0.876930830439399, 59.0], [0.8759864309916536, 61.0], [0.8853218109853015, 63.0], [0.8855405873860809, 65.0]], [[0.8532191978865271, 3.0], [0.8505390745728427, 5.0], [0.8509287674723788, 7.0], [0.845360943581465, 9.0], [0.8367915717451112, 11.0], [0.8330759983565763, 13.0], [0.8336691806157647, 15.0], [0.8270704295585597, 17.0], [0.8270487095215702, 19.0], [0.8275451133127146, 21.0], [0.8266621201099216, 23.0], [0.8357906334887645, 25.0], [0.8338786392921846, 27.0], [0.8341992705383122, 29.0], [0.8339039703828113, 31.0], [0.8364016664418935, 33.0], [0.8341187906515627, 35.0], [0.8244447336278867, 37.0], [0.8286282495887255, 39.0], [0.8290692000449726, 41.0], [0.8209784509713773, 43.0], [0.8210373184032757, 45.0], [0.8152113016815905, 47.0], [0.8183636631819131, 49.0], [0.8199924570407079, 51.0], [0.8198179725037035, 53.0], [0.82172894446801, 55.0], [0.8206124231783102, 57.0], [0.824530054713749, 59.0], [0.8244831282403899, 61.0], [0.8231539928595144, 63.0], [0.8210887539748865, 65.0]], [[1.1687954039771367, 3.0], [1.1680943030602762, 5.0], [1.1733769610555773, 7.0], [1.18154502001153, 9.0], [1.1801225848680892, 11.0], [1.1801225848680892, 13.0], [1.1801273403461416, 15.0], [1.1907603367114132, 17.0], [1.1932604173950658, 19.0], [1.1887125742136377, 21.0], [1.1874093784343545, 23.0], [1.1871091211453362, 25.0], [1.1871091211453362, 27.0], [1.177571737758696, 29.0], [1.1837238398065812, 31.0], [1.1781622528748814, 33.0], [1.1781622528748814, 35.0], [1.1781909152197418, 37.0], [1.1781153083492004, 39.0], [1.1762030685722653, 41.0], [1.1763848663285845, 43.0], [1.1894452692642583, 45.0], [1.189415521354307, 47.0], [1.1934326773128572, 49.0], [1.1934890796732194, 51.0], [1.1987696389245903, 53.0], [1.1987176786101346, 55.0], [1.1987176786101346, 57.0], [1.1938351418945556, 59.0], [1.193107547071501, 61.0], [1.1408305963232257, 63.0], [1.1694103032819745, 65.0]], [[1.1052602446242779, 3.0], [1.1035466316918878, 5.0], [1.103653243126556, 7.0], [1.111412798569551, 9.0], [1.1117657999628883, 11.0], [1.1116962896463825, 13.0], [1.1039371816661374, 15.0], [1.1039371816661374, 16.0], [1.1028401003353108, 18.0], [1.1132794628192706, 20.0], [1.1171806596670315, 22.0], [1.1185661072577617, 24.0], [1.1166408841023934, 26.0], [1.122153087001584, 28.0], [1.1221515477489747, 30.0], [1.1214305323279405, 32.0], [1.120698573758436, 34.0], [1.1314251836674782, 36.0], [1.1345104050557624, 38.0], [1.1738029147438414, 40.0], [1.1771034661909925, 42.0], [1.1681876399833282, 44.0], [1.1645112832053273, 46.0], [1.1587450443075804, 48.0], [1.1586722516657324, 50.0], [1.1450080844450008, 52.0], [1.1388955728901013, 54.0], [1.1329862504799169, 56.0], [1.133568337778871, 58.0], [1.128771403215516, 60.0], [1.124601930091191, 62.0], [1.1175668411826445, 64.0]], [[0.6473660996681028, 3.0], [0.6473660996681028, 5.0], [0.64549290909939, 7.0], [0.645949542000227, 9.0], [0.6456384636138648, 11.0], [0.645165446758516, 13.0], [0.645488734114993, 15.0], [0.6431528043277976, 17.0], [0.641587428101716, 19.0], [0.6462275063674555, 21.0], [0.6449774150169164, 23.0], [0.647251689476876, 25.0], [0.6472092323227752, 27.0], [0.6469718457725173, 29.0], [0.6462460677528895, 31.0], [0.64384753183829, 33.0], [0.6440838710670775, 35.0], [0.6440850245592744, 37.0], [0.645460632652752, 39.0], [0.6503117890106948, 41.0], [0.6509397281769016, 43.0], [0.6515829226012271, 45.0], [0.6536961068428786, 47.0], [0.6538854907651878, 49.0], [0.6589053355011517, 51.0], [0.6573598588647205, 53.0], [0.6567635211892369, 55.0], [0.6620301140230644, 57.0], [0.6620301140230644, 59.0], [0.6594431925497732, 61.0], [0.6594257963061909, 63.0], [0.6595479686968332, 65.0]], [[1.1022484929729666, 3.0], [1.1381787981504996, 5.0], [1.1381545832730795, 7.0], [1.1346931394550641, 9.0], [1.1347370497893599, 11.0], [1.134737378068743, 13.0], [1.1452495231824178, 15.0], [1.13988716616373, 17.0], [1.13988716616373, 19.0], [1.1398579840107337, 21.0], [1.1438320565681663, 23.0], [1.145046408790809, 25.0], [1.119058921836077, 27.0], [1.1206923617268878, 29.0], [1.1266692363569961, 31.0], [1.1212231493480505, 33.0], [1.1221457083971471, 35.0], 