{"Best State": [0, 0, 0, 0, 0, 0, 0, 0, 0, 0, 0, 0, 0, 0, 0, 0, 0, 0, 0, 0, 1, 0, 0, 0, 0], "Best Fitness": 142.0, "Fitness Percentage": 0.9102564102564102, "Fitness Curve": [[87.0, 161.0], [87.0, 162.0], [92.0, 164.0], [92.0, 165.0], [99.0, 167.0], [99.0, 168.0], [99.0, 169.0], [99.0, 170.0], [109.0, 172.0], [109.0, 173.0], [109.0, 174.0], [109.0, 175.0], [109.0, 176.0], [109.0, 177.0], [116.0, 179.0], [116.0, 180.0], [116.0, 181.0], [116.0, 182.0], [116.0, 183.0], [116.0, 184.0], [116.0, 185.0], [122.0, 187.0], [122.0, 188.0], [122.0, 189.0], [122.0, 190.0], [122.0, 191.0], [134.0, 193.0], [134.0, 194.0], [134.0, 195.0], [134.0, 196.0], [134.0, 197.0], [134.0, 198.0], [134.0, 199.0], [142.0, 201.0], [142.0, 202.0], [142.0, 203.0], [142.0, 204.0], [142.0, 205.0], [142.0, 206.0], [142.0, 207.0], [142.0, 208.0], [142.0, 209.0], [142.0, 210.0], [142.0, 211.0]], "Wall Clock Time": 0.014236211776733398}