{"Best State": [1, 1, 1, 1, 1, 1, 1, 1, 1, 1, 1, 1, 1, 1, 1, 1, 1, 1, 0, 0, 0, 0, 0, 1, 1, 1, 1, 0, 0, 0, 0, 0, 0, 1, 1, 1, 1, 0, 1, 0, 1, 1, 1, 0, 1, 0, 1, 1, 0, 1, 1, 0, 0, 0, 1, 1, 1, 1, 0, 0, 1, 0, 1, 0, 1, 0, 1, 1, 1, 1, 1, 0, 1, 1, 1, 1, 0, 1, 0, 0, 1, 1, 1, 1, 1, 1, 1, 1, 1, 1, 0, 0, 0, 0, 1, 1, 1, 1, 1, 1, 1, 0, 1, 0, 0, 0, 0, 0, 0, 1, 0, 1, 0, 0, 0, 0, 0, 0, 0, 1, 1, 1, 0, 0, 1], "Best Fitness": 18.0, "Fitness Percentage": 0.07792207792207792, "Fitness Curve": [[9.0, 102.0], [9.0, 153.0], [11.0, 205.0], [12.0, 257.0], [12.0, 308.0], [14.0, 360.0], [14.0, 411.0], [15.0, 463.0], [18.0, 515.0], [18.0, 566.0], [18.0, 617.0], [18.0, 668.0], [18.0, 719.0], [18.0, 770.0], [18.0, 821.0], [18.0, 872.0], [18.0, 923.0], [18.0, 974.0], [18.0, 1025.0]], "Wall Clock Time": 0.0259702205657959}