{"Best State": [1, 1, 1, 1, 1, 1, 1, 1, 1, 1, 1, 1, 1, 1, 1, 1, 1, 1, 1, 1, 1, 1, 1, 1, 1, 1, 1, 1, 1, 1, 1, 1, 1, 0, 1, 1, 1, 1, 0, 1, 0, 1, 1, 1, 1, 1, 1, 1, 1, 1, 1, 1, 1, 1, 1, 0, 1, 1, 1, 1, 1, 1, 1, 1, 1, 1, 1, 1, 1, 1, 1, 1, 1, 1, 1, 1, 1, 1, 1, 1, 1, 1, 1, 1, 1, 1, 1, 1, 1, 1, 1, 1, 1, 1, 1, 1, 1, 1, 1, 1, 1, 1, 1, 1, 1, 0, 1, 1, 1, 1, 1, 1, 1, 1, 1, 1, 1, 1, 1, 1, 1, 1, 1, 1, 1], "Best Fitness": 3583.0, "Fitness Percentage": 0.9173067076292882, "Fitness Curve": [[2165.0, 402.0], [2213.0, 604.0], [2284.0, 806.0], [2468.0, 1008.0], [2689.0, 1210.0], [2921.0, 1412.0], [3111.0, 1614.0], [3170.0, 1816.0], [3332.0, 2018.0], [3477.0, 2220.0], [3484.0, 2422.0], [3583.0, 2624.0], [3583.0, 2825.0], [3583.0, 3026.0], [3583.0, 3227.0], [3583.0, 3428.0], [3583.0, 3629.0], [3583.0, 3830.0], [3583.0, 4031.0], [3583.0, 4232.0], [3583.0, 4433.0], [3583.0, 4634.0]], "Wall Clock Time": 70.97731804847717}