{"Best State": [0, 1, 0, 1, 0, 1, 0, 1, 1, 0, 0, 1, 1, 0, 1, 0, 0, 1, 1, 1, 0, 1, 1, 0, 1, 0, 1, 1, 0, 1, 0, 0, 1, 1, 0, 1, 0, 1, 0, 1, 0, 1, 0, 1, 0, 1, 0, 1, 0, 1, 0, 1, 0, 1, 0, 1, 0, 1, 0, 0, 1, 1, 0, 1, 0, 0, 1, 0, 1, 0, 1, 1, 0, 1, 0, 1, 1, 0, 0, 1, 0, 1, 0, 0, 1, 0, 1, 0, 1, 0, 0, 1, 0, 0, 1, 0, 1, 0, 1, 0, 1, 0, 1, 0, 1, 0, 0, 0, 1, 0, 1, 0, 1, 0, 1, 0, 0, 1, 0, 0, 1, 0, 1, 0, 1, 1, 0, 1, 1, 0, 1, 0, 1, 0, 1, 0, 1, 1, 0, 1, 0, 1, 0, 1, 1, 0, 1, 1, 0, 1], "Best Fitness": 121.0, "Fitness Percentage": 0.8120805369127517, "Fitness Curve": [[87.0, 102.0], [87.0, 153.0], [92.0, 205.0], [93.0, 257.0], [93.0, 308.0], [99.0, 360.0], [99.0, 411.0], [99.0, 462.0], [99.0, 513.0], [100.0, 565.0], [100.0, 616.0], [100.0, 667.0], [100.0, 718.0], [100.0, 769.0], [101.0, 821.0], [103.0, 873.0], [106.0, 925.0], [106.0, 976.0], [107.0, 1028.0], [107.0, 1079.0], [114.0, 1131.0], [114.0, 1182.0], [114.0, 1233.0], [114.0, 1284.0], [114.0, 1335.0], [114.0, 1386.0], [114.0, 1437.0], [114.0, 1488.0], [115.0, 1540.0], [117.0, 1592.0], [117.0, 1643.0], [118.0, 1695.0], [118.0, 1746.0], [119.0, 1798.0], [120.0, 1850.0], [120.0, 1901.0], [120.0, 1952.0], [120.0, 2003.0], [121.0, 2055.0], [121.0, 2106.0], [121.0, 2157.0], [121.0, 2208.0], [121.0, 2259.0], [121.0, 2310.0], [121.0, 2361.0], [121.0, 2412.0], [121.0, 2463.0], [121.0, 2514.0], [121.0, 2565.0]], "Wall Clock Time": 0.172119140625}