{"Training F1-Score": [0.6960784313725489, 0.678038379530917, 0.7923076923076923, 0.7313131313131312, 0.640198511166253, 0.7490774907749078, 0.7849686847599165, 0.7784200385356455, 0.7452471482889734, 0.751592356687898], "Testing F1-Score": [0.756152125279642, 0.6834381551362683, 0.8085106382978723, 0.7184466019417476, 0.665083135391924, 0.7449541284403669, 0.7530864197530864, 0.7773584905660378, 0.7106227106227105, 0.7154811715481172], "Fitness Curve": [[[0.5783338032957476, 103.0], [0.5783338032957476, 154.0], [0.5783338032957476, 205.0], [0.5783338032957476, 256.0], [0.5783338032957476, 307.0], [0.5783338032957476, 358.0], [0.5314867749416826, 410.0], [0.5314867749416826, 461.0]], [[0.6527979783059747, 103.0], [0.5765605887615286, 155.0], [0.5765605887615286, 206.0], [0.5765605887615286, 257.0], [0.5765605887615286, 308.0], [0.5765605887615286, 359.0], [0.5765605887615286, 410.0], [0.5765605887615286, 461.0]], [[0.5700333846726865, 103.0], [0.5700333846726865, 154.0], [0.5700333846726865, 205.0], [0.5700333846726865, 256.0], [0.5700333846726865, 307.0], [0.5700333846726865, 358.0], [0.5466592437634464, 410.0], [0.5466592437634464, 461.0]], [[0.6412111430003625, 103.0], [0.6412111430003625, 154.0], [0.5811048389629655, 206.0], [0.5811048389629655, 257.0], [0.5811048389629655, 308.0], [0.5494568126319282, 360.0], [0.5494568126319282, 411.0], [0.5494568126319282, 462.0]], [[0.60037731399595, 103.0], [0.60037731399595, 154.0], [0.60037731399595, 205.0], [0.5828611350552041, 257.0], [0.5828611350552041, 308.0], [0.5828611350552041, 359.0], [0.5585812357257827, 411.0], [0.5585812357257827, 462.0]], [[0.6278315250453499, 103.0], [0.6278315250453499, 154.0], [0.5620034907936706, 206.0], [0.5620034907936706, 257.0], [0.5620034907936706, 308.0], [0.5620034907936706, 359.0], [0.5620034907936706, 410.0], [0.5620034907936706, 461.0]], [[0.5801875519153726, 103.0], [0.5801875519153726, 154.0], [0.5098179399343468, 206.0], [0.5098179399343468, 257.0], [0.5098179399343468, 308.0], [0.5098179399343468, 359.0], [0.5057231644338697, 411.0], [0.5057231644338697, 462.0]], [[0.609084183582321, 103.0], [0.5869457667927771, 155.0], [0.5869457667927771, 206.0], [0.5869457667927771, 257.0], [0.5869457667927771, 308.0], [0.5474499384056642, 360.0], [0.5474499384056642, 411.0], [0.5474499384056642, 462.0]], [[0.5963739647410732, 103.0], [0.5814062835713867, 155.0], [0.5814062835713867, 206.0], [0.5814062835713867, 257.0], [0.5814062835713867, 308.0], [0.5636913398278064, 360.0], [0.5636913398278064, 411.0], [0.5636913398278064, 462.0]], [[0.600317606478532, 103.0], [0.600317606478532, 154.0], [0.600317606478532, 205.0], [0.600317606478532, 256.0], [0.600317606478532, 307.0], [0.5571328737027258, 359.0], [0.5364127830607909, 411.0], [0.5079044558250929, 463.0]]], "Wall Clock Time": [0.26581311225891113, 0.26596617698669434, 0.2617969512939453, 0.2662160396575928, 0.2625730037689209, 0.28640198707580566, 0.31537675857543945, 0.26670002937316895, 0.2727530002593994, 0.26897096633911133]}