{"Training F1-Score": [0.8247011952191233, 0.8247011952191233, 0.7915869980879542, 0.8451242829827915, 0.7078891257995736, 0.8616600790513834, 0.814498933901919, 0.7387387387387386, 0.8482328482328482, 0.8200836820083682], "Testing F1-Score": [0.8192771084337349, 0.7760000000000001, 0.776923076923077, 0.8081936685288641, 0.6902286902286903, 0.8023715415019763, 0.7811158798283262, 0.7037861915367483, 0.8181818181818181, 0.8158995815899581], "Fitness Curve": [[-0.814831657453278, -0.6770747060354936, -0.7141212337859447, -0.8512647595922419, -0.5503368470189155, -0.5281794830278455, -0.512804053544214, -0.49978969714232924, -0.48824449833709804, -0.47852834861953886, -0.4696783239769399, -0.4618058020334403, -0.45503318681347094, -0.44891002894319093, -0.44259965957709235, -0.43670995578205496], [-1.1290804973444406, -2.5963052723100484, -0.6653178651029688, -0.6390149596640021, -0.6195604293592174, -0.6029300100529966, -0.587578421276304, -0.5731178425531381, -0.5601138156359281, -0.5474872628221171, -0.5353200155029703, -0.5248450491751018, -0.5157987024931531, -0.5077780851151205, -0.5003133247466444, -0.49331032977880473], [-0.9512099434077006, -0.7078454554692999, -0.665751744117545, -0.6422569041630147, -0.6233318215290828, -0.6061032259746251, -0.5887364170726956, -0.5718644672904334, -0.5552288447810568, -0.5392752213715192, -0.5248835796693042, -0.5116580928780187, -0.5004504906594422, -0.491324974436284, -0.4831638985933745, -0.47567696736056586], [-0.8160046055218533, -0.6302954774416739, -0.5943092979078545, -0.5715477989226619, -0.5523208848844242, -0.5374987587349156, -0.5246578640977705, -0.5141446880921455, -0.5061597475275105, -0.4986097587100567, -0.49057462373947364, -0.4829077875829672, -0.47608460256042523, -0.470489783886187, -0.465597872131019, -0.4609658700738164], [-1.1309382893674724, -0.741539735489348, -0.7149024877388251, -0.6994373998979353, -0.6881937899318679, -0.6793319249648861, -0.6716049826137674, -0.6635994547408168, -0.6557750231553223, -0.6481935126923912, -0.640698418819905, -0.6330923644019785, -0.6246771830090213, -0.6148893846208248, -0.6046547546024624, -0.5932536609744217], [-1.0766964814902007, -1.1129816009950242, -0.5742321118935065, -0.551762777753634, -0.5348765725862203, -0.5200823239931599, -0.5066746336791496, -0.49538264054938397, -0.48560431542108773, -0.4771577930813208, -0.46943403835864717, -0.4619881406344613, -0.4552139500171113, -0.4495825839435008, -0.4453089018049475, -0.44140172724343846], [-0.8129193952718746, -0.747344426244573, -0.588524744689168, -0.5466276524748142, -0.5321226725334721, -0.5189237818501955, -0.5073568391234273, -0.496508661214894, -0.48758265183684557, -0.48004307504775307, -0.4731983013989578, -0.46723060206159434, -0.4621228450892527, -0.45739977852381664, -0.4527105554812183, -0.448085426783825], [-1.7942729591509923, -0.886759409980709, -0.6101332895954952, -0.5983056870708047, -0.5889341968083138, -0.5804025297451786, -0.5720349443438925, -0.5631279951488096, -0.5540376911659163, -0.545460828929906, -0.53703093615182, -0.5290985848996386, -0.5218286042537068, -0.5149747602626938, -0.5083711423642184, -0.5026150816467849], [-1.1996037048600983, -0.8211669873518176, -1.7409091678141668, -0.6901505139106907, -0.43988524894972236, -0.42202975813606824, -0.4108138452676249, -0.40308372866099146, -0.39675618434640425, -0.39130689132821217, -0.38687772344663074, -0.3831055386672538, -0.37972323290371857, -0.3766975594867853, -0.37388766601924034, -0.3714314395014459], [-2.0021603893174627, -0.7018167323192912, -0.5487256846889937, -0.5216889929795264, -0.5075697002071718, -0.4972617619034655, -0.48936820919126467, -0.48348910738765905, -0.4784308740883944, -0.47396228860637823, -0.46974449284444286, -0.46569683458335537, -0.4620499591938957, -0.4587305336689643, -0.4558170283938657, -0.45307859396886874]], "Wall Clock Time": [0.01411890983581543, 0.014272928237915039, 0.014156103134155273, 0.014045953750610352, 0.01392507553100586, 0.01402592658996582, 0.013954877853393555, 0.013982057571411133, 0.014013290405273438, 0.014158010482788086]}