{"Best State": [1, 1, 1, 1, 1, 1, 1, 1, 0, 1, 1, 1, 1, 1, 1, 1, 1, 1, 1, 1, 1, 1, 1, 1, 1, 1, 1, 1, 1, 1, 1, 1, 1, 1, 1, 1, 1, 1, 1, 1, 1, 1, 1, 1, 1, 1, 1, 0, 1, 0, 1, 1, 1, 1, 1, 1, 1, 1, 1, 1, 0, 0, 1, 0, 1, 0, 1, 1, 1, 1, 1, 1, 1, 1, 1], "Best Fitness": 1166.0, "Fitness Percentage": 0.829302987197724, "Fitness Curve": [[690.0, 1.0], [696.0, 3.0], [696.0, 4.0], [703.0, 6.0], [703.0, 7.0], [716.0, 9.0], [716.0, 10.0], [716.0, 11.0], [721.0, 13.0], [726.0, 15.0], [731.0, 17.0], [743.0, 19.0], [757.0, 21.0], [767.0, 23.0], [783.0, 25.0], [783.0, 26.0], [783.0, 27.0], [783.0, 28.0], [790.0, 30.0], [790.0, 31.0], [790.0, 32.0], [808.0, 34.0], [808.0, 35.0], [808.0, 36.0], [808.0, 37.0], [808.0, 38.0], [808.0, 39.0], [808.0, 40.0], [808.0, 41.0], [808.0, 42.0], [823.0, 44.0], [823.0, 45.0], [823.0, 46.0], [823.0, 47.0], [823.0, 48.0], [823.0, 49.0], [839.0, 51.0], [839.0, 52.0], [839.0, 53.0], [839.0, 54.0], [839.0, 55.0], [854.0, 57.0], [854.0, 58.0], [854.0, 59.0], [873.0, 61.0], [888.0, 63.0], [888.0, 64.0], [888.0, 65.0], [888.0, 66.0], [888.0, 67.0], [888.0, 68.0], [905.0, 70.0], [905.0, 71.0], [918.0, 73.0], [918.0, 74.0], [935.0, 76.0], [935.0, 77.0], [935.0, 78.0], [935.0, 79.0], [935.0, 80.0], [935.0, 81.0], [935.0, 82.0], [935.0, 83.0], [960.0, 85.0], [960.0, 86.0], [960.0, 87.0], [960.0, 88.0], [960.0, 89.0], [960.0, 90.0], [984.0, 92.0], [984.0, 93.0], [984.0, 94.0], [1008.0, 96.0], [1029.0, 98.0], [1058.0, 100.0], [1058.0, 101.0], [1058.0, 102.0], [1058.0, 103.0], [1058.0, 104.0], [1058.0, 105.0], [1058.0, 106.0], [1081.0, 108.0], [1081.0, 109.0], [1081.0, 110.0], [1114.0, 112.0], [1114.0, 113.0], [1114.0, 114.0], [1114.0, 115.0], [1114.0, 116.0], [1142.0, 118.0], [1142.0, 119.0], [1142.0, 120.0], [1142.0, 121.0], [1142.0, 122.0], [1142.0, 123.0], [1166.0, 125.0], [1166.0, 126.0], [1166.0, 127.0], [1166.0, 128.0], [1166.0, 129.0], [1166.0, 130.0], [1166.0, 131.0], [1166.0, 132.0], [1166.0, 133.0], [1166.0, 134.0], [1166.0, 135.0]], "Wall Clock Time": 0.22797608375549316}