{"Best State": [1, 1, 1, 0, 0, 1, 1, 1, 1, 1, 1, 1, 1, 1, 0, 0, 1, 1, 1, 1, 0, 1, 1, 0, 1], "Best Fitness": 100.0, "Fitness Percentage": 0.6410256410256411, "Fitness Curve": [[79.0, 1.0], [81.0, 3.0], [81.0, 4.0], [83.0, 6.0], [89.0, 8.0], [89.0, 9.0], [93.0, 11.0], [93.0, 12.0], [93.0, 13.0], [93.0, 14.0], [93.0, 15.0], [93.0, 16.0], [93.0, 17.0], [93.0, 18.0], [93.0, 19.0], [100.0, 21.0], [100.0, 22.0], [100.0, 23.0], [100.0, 24.0], [100.0, 25.0], [100.0, 26.0], [100.0, 27.0], [100.0, 28.0], [100.0, 29.0], [100.0, 30.0], [100.0, 31.0]], "Wall Clock Time": 0.002306222915649414}