{"Best State": [0, 1, 0, 0, 0, 1, 1, 0, 1, 0, 1, 1, 1, 0, 1, 0, 1, 1, 1, 0, 1, 1, 0, 1, 0, 1, 1, 0, 0, 0, 1, 0, 1, 0, 1, 1, 0, 1, 0, 0, 0, 0, 1, 0, 0, 1, 1, 0, 1, 0, 0, 1, 1, 1, 0, 1, 0, 1, 1, 1, 1, 0, 0, 0, 1, 1, 0, 1, 0, 0, 1, 0, 1, 0, 1, 0, 1, 0, 0, 0, 1, 1, 0, 1, 0, 1, 0, 0, 1, 1, 0, 0, 1, 0, 1, 0, 1, 0, 0, 0, 0, 1, 0, 0, 1, 1, 0, 1, 0, 1, 0, 1, 1, 1, 1, 0, 0, 1, 1, 0, 1, 1, 0, 1, 1], "Best Fitness": 79.0, "Fitness Percentage": 0.6370967741935484, "Fitness Curve": [[63.0, 101.0], [63.0, 102.0], [63.0, 103.0], [63.0, 104.0], [63.0, 105.0], [63.0, 106.0], [63.0, 107.0], [63.0, 108.0], [65.0, 110.0], [65.0, 111.0], [65.0, 112.0], [65.0, 113.0], [67.0, 115.0], [67.0, 116.0], [67.0, 117.0], [67.0, 118.0], [69.0, 120.0], [69.0, 121.0], [71.0, 123.0], [73.0, 125.0], [73.0, 126.0], [73.0, 127.0], [73.0, 128.0], [73.0, 129.0], [73.0, 130.0], [73.0, 131.0], [73.0, 132.0], [75.0, 134.0], [75.0, 135.0], [75.0, 136.0], [75.0, 137.0], [75.0, 138.0], [75.0, 139.0], [77.0, 141.0], [79.0, 143.0], [79.0, 144.0], [79.0, 145.0], [79.0, 146.0], [79.0, 147.0], [79.0, 148.0], [79.0, 149.0], [79.0, 150.0], [79.0, 151.0], [79.0, 152.0], [79.0, 153.0]], "Wall Clock Time": 0.006266117095947266}