{"Best State": [1, 1, 1, 0, 1, 1, 1, 1, 1, 1, 0, 1, 0, 1, 1, 0, 0, 1, 0, 0, 0, 1, 1, 1, 0, 1, 0, 0, 1, 1, 1, 0, 1, 0, 1, 0, 0, 0, 0, 1, 1, 0, 0, 0, 0, 1, 1, 1, 0, 0, 1, 0, 0, 1, 0, 1, 0, 1, 0, 0, 1, 0, 0, 0, 1, 1, 1, 1, 1, 1, 1, 0, 1, 1, 1, 1, 1, 0, 0, 1, 1, 0, 0, 0, 1, 0, 1, 0, 0, 0, 1, 0, 1, 1, 0, 0, 1, 1, 1, 1], "Best Fitness": 3.0, "Fitness Percentage": 0.016216216216216217, "Fitness Curve": [[3.0, 21.0], [3.0, 22.0], [3.0, 23.0], [3.0, 24.0], [3.0, 25.0], [3.0, 26.0], [3.0, 27.0], [3.0, 28.0], [3.0, 29.0], [3.0, 30.0]], "Wall Clock Time": 0.0003249645233154297}