{"Training F1-Score": [0.5923566878980892, 0.5714285714285714, 0.5231607629427792, 0.6630872483221476, 0.4493041749502982, 0.6986301369863014, 0.6666666666666666, 0.5723793677204658, 0.5801526717557253, 0.06130268199233717], "Testing F1-Score": [0.6192733017377566, 0.5566600397614314, 0.4759206798866855, 0.6603773584905661, 0.44848484848484843, 0.70446735395189, 0.6594885598923285, 0.5680672268907562, 0.5571142284569137, 0.06060606060606061], "Fitness Curve": [[[1.1609725330580025, 1.0], [1.1587853717539385, 3.0], [1.157776436739269, 5.0], [1.0825775178418773, 7.0], [1.0825775178418773, 8.0], [1.079017235818556, 10.0], [1.079017235818556, 11.0], [1.079017235818556, 12.0], [1.0448275937575875, 14.0], [1.0421951550642294, 16.0], [1.0399160771887386, 18.0], [1.039681696471684, 20.0], [1.0366661403275532, 22.0], [1.0366525230399823, 24.0], [1.0366525230399823, 25.0], [1.0366525230399823, 26.0], [1.0366525230399823, 27.0], [1.0366525230399823, 28.0], [1.0366525230399823, 29.0], [1.0366525230399823, 30.0], [1.031233159437881, 32.0], [1.0311606472515533, 34.0], [1.0307605257373085, 36.0], [1.0307605257373085, 37.0], [1.0307605257373085, 38.0], [1.0303634671177568, 40.0], [1.0295409869428196, 42.0], [1.0295409869428196, 43.0], [1.0295409869428196, 44.0], [1.0295409869428196, 45.0], [1.0282637030813269, 47.0], [1.0282637030813269, 48.0], [1.0276096424085859, 50.0], [1.0276096424085859, 51.0], [1.0276096424085859, 52.0], [1.0276096424085859, 53.0], [1.0276096424085859, 54.0], [1.025813392869116, 56.0], [1.0251983935002078, 58.0], [1.0247342238073982, 60.0], [1.0247342238073982, 61.0], [1.0208896679584083, 63.0], [1.0208896679584083, 64.0], [0.996539005468544, 66.0], [0.9965318004872368, 68.0], [0.9965262253153396, 70.0], [0.9962327511981933, 72.0], [0.9916223728253294, 74.0], [0.9916223728253294, 75.0], [0.9916223728253294, 76.0], [0.9915997442734377, 78.0], [0.966473033684624, 80.0], [0.9658174519698771, 82.0], [0.9658174519698771, 83.0], [0.9658174519698771, 84.0], [0.9363103499756082, 86.0], [0.9363103499756082, 87.0], [0.9356522427169761, 89.0], [0.9356522427169761, 90.0], [0.9356522427169761, 91.0], [0.9356522427169761, 92.0], [0.9309129949469841, 94.0], [0.9309129949469841, 95.0], [0.9309129949469841, 96.0]], [[0.9025140883327161, 1.0], [0.9025140883327161, 2.0], [0.8906911673604554, 4.0], [0.8906911673604554, 5.0], [0.8906911673604554, 6.0], [0.8906911673604554, 7.0], [0.8848354405308553, 9.0], [0.8810859971020327, 11.0], [0.8810859971020327, 12.0], [0.8810859971020327, 13.0], [0.879211646443664, 15.0], [0.879211646443664, 16.0], [0.879211646443664, 17.0], [0.879211646443664, 18.0], [0.879211646443664, 19.0], [0.879211646443664, 20.0], [0.8775875777257863, 22.0], [0.8716934207732606, 24.0], [0.8647774493274607, 26.0], [0.8647774493274607, 27.0], [0.8640435355929722, 29.0], [0.8616121715465417, 31.0], [0.8579844648044496, 33.0], [0.8579844648044496, 34.0], [0.8541742639895464, 36.0], [0.8541742639895464, 37.0], [0.8529131277257425, 39.0], [0.8529131277257425, 40.0], [0.8529131277257425, 41.0], [0.8529131277257425, 42.0], [0.8529131277257425, 43.0], [0.8529131277257425, 44.0], [0.8529131277257425, 45.0], [0.8529131277257425, 46.0], [0.8529131277257425, 47.0], [0.8506749018533312, 49.0], [0.8506749018533312, 50.0], [0.8494238083094615, 52.0], [0.8494238083094615, 53.0], [0.8494238083094615, 54.0], [0.8494238083094615, 55.0], [0.841277457066644, 57.0], [0.8385522677789259, 59.0], [0.8385522677789259, 60.0], [0.8359185106985896, 62.0], [0.8356166619917011, 64.0], [0.8356166619917011, 65.0], [0.8356166619917011, 66.0], [0.8356166619917011, 67.0], [0.8356166619917011, 68.0], [0.8356166619917011, 69.0], [0.830022193032818, 71.0], [0.8299686587793568, 73.0], [0.8299686587793568, 74.0], [0.8299686587793568, 75.0], [0.8299686587793568, 76.0], [0.8299686587793568, 77.0], [0.8299686587793568, 78.0], [0.8299686587793568, 79.0], [0.8299686587793568, 80.0], [0.8292277788101292, 82.0], [0.8292277788101292, 83.0], [0.828932840087898, 85.0], [0.828932840087898, 86.0]], [[1.0016777661224814, 2.0], [1.0016777661224814, 3.0], [0.9986375692265426, 5.0], [0.9986375692265426, 6.0], [0.9986375692265426, 7.0], [0.9834281090782943, 9.0], [0.981270145243671, 11.0], [0.981270145243671, 12.0], [0.9801865303273886, 14.0], [0.9801865303273886, 15.0], [0.9801865303273886, 16.0], [0.9801865303273886, 17.0], [0.9640531574914982, 19.0], [0.9640531574914982, 20.0], [0.9640531574914982, 21.0], [0.9640531574914982, 22.0], [0.9640531574914982, 23.0], [0.9640531574914982, 24.0], [0.9640531574914982, 25.0], [0.9640531574914982, 26.0], [0.9640531574914982, 27.0], [0.9607089784842765, 29.0], [0.9447589320611953, 31.0], [0.9295591254591526, 33.0], [0.9237691453251407, 35.0], [0.9237691453251407, 36.0], [0.9237691453251407, 37.0], [0.9237691453251407, 38.0], [0.9237691453251407, 39.0], [0.9237691453251407, 40.0], [0.9237691453251407, 41.0], [0.9218290389884791, 43.0], [0.921438007912463, 45.0], [0.9203275698069754, 47.0], [0.9203275698069754, 48.0], [0.895789945652238, 50.0], [0.887877881953132, 52.0], [0.887877881953132, 53.0], [0.887877881953132, 54.0], [0.8878021688183426, 56.0], [0.8878021688183426, 57.0], [0.8837359073221955, 59.0], [0.8837359073221955, 60.0], [0.8837359073221955, 61.0], [0.8835487229526744, 63.0], [0.8767215160588273, 65.0], [0.8767215160588273, 66.0], [0.8767215160588273, 67.0], [0.8533721213291358, 69.0], [0.8047413645101906, 71.0], [0.8047413645101906, 72.0], [0.8047413645101906, 73.0], [0.8034188428267578, 75.0], [0.8033146858589598, 77.0], [0.8033146858589598, 78.0], [0.8031632921889711, 80.0], [0.8026202741933135, 82.0], [0.8026202741933135, 83.0], [0.8026202741933135, 84.0], [0.8007961240074392, 86.0], [0.8007961240074392, 87.0], [0.7984274236947396, 89.0], [0.7942669852686599, 91.0], [0.7942669852686599, 92.0]], [[0.9267573191678985, 2.0], [0.9259548825951615, 4.0], [0.9257220882383407, 6.0], [0.9257220882383407, 7.0], [0.9245877826356171, 9.0], [0.9244571022528346, 11.0], [0.9244092244210896, 13.0], [0.9219981996301153, 15.0], [0.9219981996301153, 16.0], [0.9219981996301153, 17.0], [0.915509895325906, 19.0], [0.9147033666360114, 21.0], [0.9147033666360114, 22.0], [0.9142667543080868, 24.0], [0.9142667543080868, 25.0], [0.9142667543080868, 26.0], [0.9142667543080868, 27.0], [0.9142667543080868, 28.0], [0.9142667543080868, 29.0], [0.9124365770042537, 31.0], [0.9107690532447766, 33.0], [0.904451793912856, 35.0], [0.904451793912856, 36.0], [0.904451793912856, 37.0], [0.904451793912856, 38.0], [0.9044390699821636, 40.0], [0.9041915407812654, 42.0], [0.9041915407812654, 43.0], [0.9041915407812654, 44.0], [0.9038254286636429, 46.0], [0.9038254286636429, 47.0], [0.9038254286636429, 48.0], [0.9038254286636429, 49.0], [0.9037234986655682, 51.0], [0.9037234986655682, 52.0], [0.9037076167456233, 54.0], [0.9037076167456233, 55.0], [0.9037076167456233, 56.0], [0.9037076167456233, 57.0], [0.9037076167456233, 58.0], [0.9037076167456233, 59.0], [0.9037076167456233, 60.0], [0.9031410224697165, 62.0], [0.9031410224697165, 63.0], [0.9031410224697165, 64.0], [0.9031410224697165, 65.0], [0.9015422563661498, 67.0], [0.8948706182307357, 69.0], [0.8948706182307357, 70.0], [0.8948706182307357, 71.0], [0.8948706182307357, 72.0], [0.8948706182307357, 73.0], [0.8948706182307357, 74.0], [0.8924203954816429, 76.0], [0.8907172900434661, 78.0], [0.8823498204355132, 80.0], [0.8814115691420243, 82.0], [0.8809249777493455, 84.0], [0.8809249777493455, 85.0], [0.8809249777493455, 86.0], [0.8806548284182838, 88.0], [0.8806548284182838, 89.0], [0.8806548284182838, 90.0], [0.8806548284182838, 91.0]], [[0.9880986915575897, 1.0], [0.986544547570993, 3.0], [0.9813204643072209, 5.0], [0.9813204643072209, 6.0], [0.9773040474153053, 8.0], [0.9773040474153053, 9.0], [0.9756695187076796, 11.0], [0.9756695187076796, 12.0], [0.9756695187076796, 13.0], [0.9747336284093437, 15.0], [0.9747336284093437, 16.0], [0.9747336284093437, 17.0], [0.9747336284093437, 18.0], [0.9739601907254246, 20.0], [0.9739601907254246, 21.0],