{"Best State": [1, 0, 0, 1, 0, 1, 0, 1, 0, 1, 1, 0, 1, 1, 0, 1, 0, 1, 0, 1, 0, 1, 0, 0, 1, 0, 1, 0, 1, 0, 1, 0, 1, 0, 1, 0, 0, 1, 0, 1, 0, 1, 0, 1, 0, 0, 1, 0, 1, 0, 1, 0, 1, 0, 1, 0, 1, 0, 1, 0, 1, 0, 1, 0, 1, 1, 0, 1, 0, 1, 0, 1, 1, 0, 1], "Best Fitness": 66.0, "Fitness Percentage": 0.8918918918918919, "Fitness Curve": [[51.0, 402.0], [51.0, 603.0], [54.0, 805.0], [54.0, 1006.0], [58.0, 1208.0], [59.0, 1410.0], [61.0, 1612.0], [61.0, 1813.0], [61.0, 2014.0], [63.0, 2216.0], [66.0, 2418.0], [66.0, 2619.0], [66.0, 2820.0], [66.0, 3021.0], [66.0, 3222.0], [66.0, 3423.0], [66.0, 3624.0], [66.0, 3825.0], [66.0, 4026.0], [66.0, 4227.0], [66.0, 4428.0]], "Wall Clock Time": 23.239842891693115}