{"Best State": [1, 0, 1, 0, 1, 0, 1, 0, 1, 0, 0, 1, 0, 1, 0, 1, 1, 0, 1, 0, 1, 0, 1, 0, 1, 0, 1, 0, 1, 0, 1, 0, 0, 1, 0, 1, 0, 1, 0, 1, 0, 1, 1, 0, 1, 0, 1, 0, 0, 1, 0, 0, 1, 0, 1, 0, 1, 0, 1, 0, 0, 1, 0, 1, 0, 1, 0, 0, 1, 0, 1, 0, 0, 1, 0, 1, 0, 1, 0, 1, 0, 1, 0, 1, 0, 1, 0, 0, 1, 0, 1, 0, 1, 1, 0, 1, 0, 1, 0, 1, 0, 1, 0, 1, 0, 0, 1, 1, 0, 1, 1, 0, 1, 1, 0, 1, 0, 0, 1, 0, 1, 0, 0, 1, 0, 1, 0, 1, 0, 1, 0, 1, 0, 1, 0, 1, 1, 0, 1, 1, 0, 1, 0, 1, 0, 0, 1, 0, 0, 1, 0, 1, 0, 1, 0, 1, 0, 1, 0, 1, 0, 1, 1, 0, 1, 0, 0, 1, 0, 0, 1, 0, 1, 0, 1], "Best Fitness": 150.0, "Fitness Percentage": 0.8620689655172413, "Fitness Curve": [[104.0, 402.0], [109.0, 604.0], [114.0, 806.0], [114.0, 1007.0], [116.0, 1209.0], [118.0, 1411.0], [124.0, 1613.0], [124.0, 1814.0], [129.0, 2016.0], [134.0, 2218.0], [134.0, 2419.0], [136.0, 2621.0], [138.0, 2823.0], [142.0, 3025.0], [142.0, 3226.0], [146.0, 3428.0], [150.0, 3630.0], [150.0, 3831.0], [150.0, 4032.0], [150.0, 4233.0], [150.0, 4434.0], [150.0, 4635.0], [150.0, 4836.0], [150.0, 5037.0], [150.0, 5238.0], [150.0, 5439.0], [150.0, 5640.0]], "Wall Clock Time": 157.50955820083618}