{"Best State": [1, 1, 1, 1, 1, 1, 1, 1, 1, 1, 1, 1, 1, 1, 1, 1, 1, 0, 1, 1, 0, 1, 0, 1, 1, 0, 1, 0, 0, 0, 1, 1, 1, 0, 1, 0, 1, 1, 1, 1, 1, 0, 0, 0, 1, 0, 0, 1, 1, 1, 1, 1, 0, 0, 0, 0, 1, 0, 1, 1, 1, 1, 0, 1, 1, 0, 0, 0, 1, 0, 1, 1, 0, 1, 0, 1, 1, 0, 1, 0, 1, 0, 0, 1, 0, 0, 1, 1, 0, 1, 1, 1, 0, 0, 1, 0, 0, 1, 0, 1, 1, 0, 1, 0, 0, 0, 1, 0, 0, 0, 1, 0, 1, 0, 0, 0, 0, 0, 0, 1, 1, 1, 1, 1, 1, 0, 0, 0, 0, 1, 0, 1, 0, 0, 1, 1, 1, 0, 1, 0, 1, 0, 0, 0, 0, 0, 0, 0, 1, 1, 1, 0, 0, 0, 0, 0, 1, 1, 1, 0, 0, 0, 1, 1, 1, 0, 1, 0, 1, 1, 0, 0, 1, 0, 0, 1, 1, 0, 1, 1, 1, 0, 0, 0, 1, 1, 1, 1, 0, 0, 1, 0, 0, 0, 1, 0, 1, 0, 1, 1, 1, 1, 1, 0, 1, 1, 0, 0, 1, 0, 1, 1, 0, 1, 0, 0, 0, 1, 1, 0, 1, 0, 1, 1, 1, 0, 0, 0, 0, 0, 0, 1, 0, 1, 1, 0, 0, 0, 1, 0, 0, 0, 0, 0, 0, 0, 0, 1, 0, 0], "Best Fitness": 17.0, "Fitness Percentage": 0.0367965367965368, "Fitness Curve": [[7.0, 102.0], [8.0, 154.0], [8.0, 205.0], [8.0, 256.0], [10.0, 308.0], [10.0, 359.0], [10.0, 410.0], [10.0, 461.0], [10.0, 512.0], [10.0, 563.0], [10.0, 614.0], [10.0, 665.0], [11.0, 717.0], [11.0, 768.0], [13.0, 820.0], [15.0, 872.0], [15.0, 923.0], [15.0, 974.0], [15.0, 1025.0], [15.0, 1076.0], [17.0, 1128.0], [17.0, 1179.0], [17.0, 1230.0], [17.0, 1281.0], [17.0, 1332.0], [17.0, 1383.0], [17.0, 1434.0], [17.0, 1485.0], [17.0, 1536.0], [17.0, 1587.0], [17.0, 1638.0]], "Wall Clock Time": 0.04464912414550781}