{"Training F1-Score": [0.5812807881773399, 0.42783505154639173, 0.6382352941176471, 0.3207547169811321, 0.3408360128617363, 0.6612903225806452, 0.07051282051282051, 0.5542168674698795, 0.0, 0.12709030100334448], "Testing F1-Score": [0.5656565656565656, 0.441025641025641, 0.6297376093294461, 0.3213429256594724, 0.239202657807309, 0.5852631578947368, 0.11258278145695363, 0.5611510791366906, 0.0, 0.1292517006802721], "Fitness Curve": [[[0.8162903651030299, 3.0], [0.8175593863692115, 5.0], [0.8071062284338928, 7.0], [0.8062908153326773, 9.0], [0.8084323879599057, 11.0], [0.8083313033654401, 13.0], [0.8084214952713514, 15.0], [0.807167551169427, 17.0], [0.8062200349617588, 19.0], [0.8050972991403624, 21.0], [0.8050210809418888, 23.0], [0.805188818004071, 25.0], [0.8052918164517021, 27.0], [0.817974531854155, 29.0], [0.8122988202382369, 31.0], [0.792761947159893, 33.0]], [[1.1172494083617943, 3.0], [1.1159476794133525, 5.0], [1.11661359249508, 7.0], [1.116676022291386, 9.0], [1.1144873224729956, 11.0], [1.1138750416917789, 13.0], [1.1181897242193994, 15.0], [1.1061516927315835, 17.0], [1.104711437558083, 19.0], [1.0751988842537084, 21.0], [1.0938740865399514, 23.0], [1.1433391226013077, 25.0], [1.1431159830759257, 27.0], [1.1430300666115665, 29.0], [1.1368444836734968, 31.0], [1.1392789813671307, 33.0]], [[0.7099022109442459, 3.0], [0.711093795614521, 5.0], [0.7120732105636838, 7.0], [0.7049815588411036, 9.0], [0.7002987592294702, 11.0], [0.6999246616163712, 13.0], [0.6989645116923384, 15.0], [0.6996667629307899, 17.0], [0.6983052676467711, 19.0], [0.6996308235632549, 21.0], [0.6958187220489408, 23.0], [0.6901640152074727, 25.0], [0.6921265155483772, 27.0], [0.6957597765359542, 29.0], [0.6950723960498697, 31.0], [0.6948178274178638, 33.0]], [[1.135588201667232, 3.0], [1.1463038514859407, 5.0], [1.145279283921684, 7.0], [1.1023201047912525, 9.0], [1.1042659768091574, 11.0], [1.1147313306457785, 13.0], [1.1080268208367896, 15.0], [1.105149390371017, 17.0], [1.0985783044569983, 19.0], [1.02870030956175, 21.0], [1.0378132122604944, 23.0], [1.0377834897370208, 25.0], [1.036124120009231, 27.0], [1.0375097939945443, 29.0], [1.041388411274463, 31.0], [1.039115749238567, 33.0]], [[0.6922030791899396, 3.0], [0.693005183587584, 5.0], [0.693005183587584, 7.0], [0.6926071166019576, 9.0], [0.6956785728039312, 11.0], [0.6956785728039312, 13.0], [0.6955754198684927, 15.0], [0.697156605508631, 17.0], [0.6946490873295436, 19.0], [0.698017507659008, 21.0], [0.6978846712514727, 23.0], [0.6980380687512239, 25.0], [0.7015666882188677, 27.0], [0.6995163582306162, 29.0], [0.6994513472619094, 31.0], [0.6980044547613263, 33.0]], [[0.6316979548719285, 3.0], [0.6316979548719285, 5.0], [0.635592381547599, 7.0], [0.6351921613824849, 9.0], [0.6343800059725979, 11.0], [0.6343918598946168, 13.0], [0.6329243379039314, 15.0], [0.6328358106697363, 17.0], [0.6323625823199701, 19.0], [0.6323941302657281, 21.0], [0.6318742530702484, 23.0], [0.6326608516378985, 25.0], [0.6326608516378985, 27.0], [0.6331959750451099, 29.0], [0.6331959750451099, 31.0], [0.633517339498188, 33.0]], [[1.2627229523914978, 3.0], [1.2639990357277808, 5.0], [1.2187388259156031, 7.0], [1.2218587599155548, 9.0], [1.2182050072036064, 11.0], [1.2187391932836948, 13.0], [1.2023147675683108, 15.0], [1.2060820924611748, 17.0], [1.207394205328021, 19.0], [1.2189854085711822, 21.0], [1.230887095344081, 23.0], [1.2362647646119116, 25.0], [1.2362556750840354, 27.0], [1.236176275019534, 29.0], [1.2353109930581714, 31.0], [1.239214593967426, 33.0]], [[0.6779337065274603, 3.0], [0.6690971590262893, 5.0], [0.6646742470516952, 7.0], [0.6647464982483564, 9.0], [0.6677241642631436, 11.0], [0.6659381361268245, 13.0], [0.664224103330605, 15.0], [0.6653345373987422, 17.0], [0.6662205058343332, 19.0], [0.6624804929634343, 21.0], [0.6616977528539069, 23.0], [0.6651972336245093, 25.0], [0.6686393315029243, 27.0], [0.6679138228462302, 29.0], [0.6659659402828212, 31.0], [0.6665113106673566, 33.0]], [[2.561726200648101, 3.0], [2.5626053233501334, 5.0], [2.5746249378990393, 7.0], [2.5780244416310616, 9.0], [2.5797935868463204, 11.0], [2.591496396452915, 13.0], [2.5892537705514824, 15.0], [2.570882310349879, 17.0], [2.6155926715123874, 19.0], [2.7833306104621522, 21.0], [2.7914829476526393, 23.0], [2.810003912692233, 25.0], [2.810003912692233, 27.0], [2.810861576264114, 29.0], [2.839722177973371, 31.0], [2.8344903418386123, 33.0]], [[0.9887912360322173, 3.0], [1.002015353034299, 5.0], [1.0076761344636527, 7.0], [1.0076761344636527, 9.0], [1.0075889547252985, 11.0], [1.0083711976781322, 13.0], [1.0067240414574927, 15.0], [1.006846396915545, 17.0], [1.0046105253836475, 19.0], [1.0126935746700538, 21.0], [0.9888799697784647, 23.0], [0.9887994009183285, 25.0], [0.9861808240955893, 27.0], [0.9894792248951696, 29.0], [0.991871789277029, 31.0], [0.9914799640357392, 33.0]]], "Wall Clock Time": [0.017283916473388672, 0.018678665161132812, 0.01747298240661621, 0.017277956008911133, 0.017282962799072266, 0.017117023468017578, 0.018871068954467773, 0.01805424690246582, 0.01747274398803711, 0.01744985580444336]}