{"Training F1-Score": [0.5245901639344263, 0.44022770398481975, 0.6915254237288135, 0.5942028985507246, 0.4814159292035398, 0.7050359712230215, 0.03125, 0.6666666666666666, 0.6631016042780749, 0.6029723991507431], "Testing F1-Score": [0.5118483412322276, 0.41860465116279066, 0.6851549755301795, 0.5887445887445887, 0.4640287769784172, 0.725897920604915, 0.008032128514056224, 0.6631016042780749, 0.6486486486486486, 0.6143790849673203], "Fitness Curve": [[[0.8458981568267522, 3.0], [0.8469269149061249, 5.0], [0.8448663063000822, 7.0], [0.8341301762405701, 9.0], [0.8378978158817992, 11.0], [0.8394301048566983, 13.0], [0.8405058658738191, 15.0], [0.8414199418099126, 17.0]], [[0.8045184989885571, 3.0], [0.8045178953950876, 5.0], [0.8055292162724654, 7.0], [0.8291871322499065, 9.0], [0.8361161884836802, 11.0], [0.8326837304788007, 13.0], [0.8404152374196058, 15.0], [0.8405580918761778, 17.0]], [[0.6328692234065445, 3.0], [0.633068823583533, 5.0], [0.6329573471278652, 7.0], [0.6305127611912618, 9.0], [0.6304436723279551, 11.0], [0.6313339584272516, 13.0], [0.6317913559742694, 15.0], [0.6313420804067407, 17.0]], [[0.7367700863910865, 3.0], [0.7367635767632525, 5.0], [0.7376703538151235, 7.0], [0.7376703538151235, 9.0], [0.7373732177413529, 11.0], [0.7378328465289284, 13.0], [0.7356348170151339, 15.0], [0.7328873227694912, 17.0]], [[0.9097150617224788, 3.0], [0.9192980418853913, 5.0], [0.9201848758994747, 7.0], [0.9204000687938326, 9.0], [0.9204000687938326, 11.0], [0.9204000687938326, 13.0], [0.9221983350661194, 15.0], [0.9277507519862691, 17.0]], [[0.6988198717216981, 3.0], [0.698705451844766, 5.0], [0.698705451844766, 7.0], [0.698705451844766, 9.0], [0.6988198717216981, 11.0], [0.6988288884438604, 13.0], [0.6970963638588625, 15.0], [0.6970368038742629, 17.0]], [[1.5477922233934018, 3.0], [1.5652007351652504, 5.0], [1.5668172308435848, 7.0], [1.5689120768461746, 9.0], [1.5650985360806389, 11.0], [1.5769354621630087, 13.0], [1.5697242394559123, 15.0], [1.5677820906000215, 17.0]], [[0.9886290706070986, 3.0], [0.9897649866659558, 5.0], [0.9880808452683465, 7.0], [0.9877111645324695, 9.0], [0.990059798501692, 11.0], [0.9679566539279182, 13.0], [0.9933418915729619, 15.0], [0.9919917537349114, 17.0]], [[1.4927829001697814, 3.0], [1.4819504902012792, 5.0], [1.455866239612153, 7.0], [1.477999902072886, 9.0], [1.4903931204557268, 11.0], [1.48669667377119, 13.0], [1.4532876080174655, 15.0], [1.454718215618108, 17.0]], [[0.6739331996153745, 3.0], [0.6755447933131736, 5.0], [0.6733606541350615, 7.0], [0.6634209487413237, 9.0], [0.6635896043282019, 11.0], [0.6634214379558631, 13.0], [0.6698631052702001, 15.0], [0.6739987971964221, 17.0]]], "Wall Clock Time": [0.009432077407836914, 0.01063394546508789, 0.009117841720581055, 0.00924372673034668, 0.009158849716186523, 0.00903177261352539, 0.009058952331542969, 0.008711814880371094, 0.0088348388671875, 0.00900578498840332]}