{"Best State": [0, 1, 1, 0, 1, 0, 1, 0, 1, 1, 0, 1, 1, 0, 0, 1, 1, 0, 0, 0, 1, 1, 0, 1, 0, 1, 0, 1, 0, 1, 1, 0, 1, 1, 0, 1, 0, 0, 1, 1, 1, 0, 0, 1, 0, 1, 0, 1, 0, 1, 0, 1, 1, 0, 0, 0, 1, 0, 1, 0, 1, 0, 1, 1, 1, 0, 1, 0, 0, 1, 0, 0, 0, 1, 0, 1, 0, 1, 0, 0, 1, 0, 1, 0, 1, 0, 1, 0, 0, 1, 1, 1, 1, 1, 0, 0, 1, 1, 0, 0, 1, 0, 0, 1, 1, 1, 0, 1, 0, 0, 0, 1, 0, 1, 0, 1, 0, 0, 0, 0, 1, 0, 1, 0, 0, 1, 1, 0, 1, 1, 1, 0, 1, 0, 1, 0, 1, 1, 0, 1, 0, 0, 0, 0, 1, 1, 0, 0, 1, 0], "Best Fitness": 100.0, "Fitness Percentage": 0.6711409395973155, "Fitness Curve": [[65.0, 34.0], [65.0, 35.0], [65.0, 36.0], [65.0, 37.0], [67.0, 39.0], [69.0, 41.0], [69.0, 42.0], [69.0, 43.0], [69.0, 44.0], [69.0, 45.0], [71.0, 47.0], [71.0, 48.0], [71.0, 49.0], [71.0, 50.0], [71.0, 51.0], [73.0, 53.0], [73.0, 54.0], [73.0, 55.0], [73.0, 56.0], [74.0, 58.0], [76.0, 60.0], [76.0, 61.0], [76.0, 62.0], [76.0, 63.0], [78.0, 65.0], [78.0, 66.0], [78.0, 67.0], [78.0, 68.0], [78.0, 69.0], [80.0, 71.0], [80.0, 72.0], [80.0, 73.0], [82.0, 75.0], [82.0, 76.0], [82.0, 77.0], [84.0, 79.0], [84.0, 80.0], [84.0, 81.0], [84.0, 82.0], [84.0, 83.0], [86.0, 85.0], [86.0, 86.0], [88.0, 88.0], [88.0, 89.0], [88.0, 90.0], [88.0, 91.0], [88.0, 92.0], [88.0, 93.0], [90.0, 95.0], [90.0, 96.0], [92.0, 98.0], [92.0, 99.0], [94.0, 101.0], [94.0, 102.0], [94.0, 103.0], [94.0, 104.0], [94.0, 105.0], [96.0, 107.0], [96.0, 108.0], [96.0, 109.0], [96.0, 110.0], [96.0, 111.0], [96.0, 112.0], [98.0, 114.0], [98.0, 115.0], [98.0, 116.0], [100.0, 118.0], [100.0, 119.0], [100.0, 120.0], [100.0, 121.0], [100.0, 122.0], [100.0, 123.0], [100.0, 124.0], [100.0, 125.0], [100.0, 126.0], [100.0, 127.0], [100.0, 128.0]], "Wall Clock Time": 0.009054899215698242}