{"Best State": [1, 1, 1, 1, 1, 1, 1, 1, 1, 1, 1, 1, 1, 1, 1, 1, 1, 1, 1, 1, 1, 1, 1, 1, 1, 1, 1, 1, 1, 1, 1, 1, 1, 1, 0, 1, 0, 1, 1, 1, 1, 0, 0, 1, 1, 0, 0, 1, 1, 1, 1, 0, 0, 0, 1, 0, 0, 0, 1, 1, 0, 0, 0, 1, 0, 0, 0, 1, 1, 0, 0, 0, 1, 0, 1, 0, 0, 1, 0, 0, 1, 0, 1, 1, 1, 1, 1, 1, 0, 0, 1, 1, 1, 0, 1, 0, 1, 0, 0, 0, 1, 0, 0, 0, 0, 0, 0, 1, 0, 0, 0, 0, 0, 1, 1, 1, 1, 0, 1, 0, 1, 0, 0, 1, 0, 1, 0, 0, 0, 1, 0, 1, 0, 0, 0, 0, 1, 0, 0, 0, 1, 0, 0, 1, 1, 0, 1, 0, 0, 1], "Best Fitness": 34.0, "Fitness Percentage": 0.12274368231046931, "Fitness Curve": [[12.0, 402.0], [13.0, 604.0], [13.0, 805.0], [13.0, 1006.0], [14.0, 1208.0], [20.0, 1410.0], [22.0, 1612.0], [25.0, 1814.0], [25.0, 2015.0], [25.0, 2216.0], [25.0, 2417.0], [34.0, 2619.0], [34.0, 2820.0], [34.0, 3021.0], [34.0, 3222.0], [34.0, 3423.0], [34.0, 3624.0], [34.0, 3825.0], [34.0, 4026.0], [34.0, 4227.0], [34.0, 4428.0], [34.0, 4629.0]], "Wall Clock Time": 96.99113702774048}