{"Best State": [1, 1, 1, 1, 1, 1, 1, 1, 1, 1, 1, 1, 1, 1, 1, 1, 1, 1, 1, 1, 1, 1, 1, 1, 1, 1, 0, 0, 0, 0, 0, 1, 0, 0, 1, 0, 1, 0, 0, 1, 1, 0, 1, 1, 1, 1, 1, 0, 0, 0], "Best Fitness": 26.0, "Fitness Percentage": 0.2826086956521739, "Fitness Curve": [[7.0, 102.0], [8.0, 154.0], [10.0, 206.0], [10.0, 257.0], [10.0, 308.0], [13.0, 360.0], [16.0, 412.0], [17.0, 464.0], [19.0, 516.0], [19.0, 567.0], [21.0, 619.0], [21.0, 670.0], [21.0, 721.0], [21.0, 772.0], [21.0, 823.0], [21.0, 874.0], [21.0, 925.0], [21.0, 976.0], [26.0, 1028.0], [26.0, 1079.0], [26.0, 1130.0], [26.0, 1181.0], [26.0, 1232.0], [26.0, 1283.0], [26.0, 1334.0], [26.0, 1385.0], [26.0, 1436.0], [26.0, 1487.0], [26.0, 1538.0]], "Wall Clock Time": 0.038777828216552734}