{"Best State": [0, 1, 0, 0, 1, 1, 0, 1, 0, 1, 0, 1, 0, 1, 0, 1, 0, 1, 0, 1, 0, 1, 1, 0, 1, 0, 1, 0, 0, 1, 0, 1, 0, 1, 0, 1, 0, 1, 0, 1, 0, 0, 1, 0, 1, 0, 0, 1, 0, 1, 0, 1, 0, 1, 0, 1, 0, 1, 0, 1, 1, 0, 1, 0, 1, 0, 1, 0, 1, 0, 1, 0, 0, 1, 0], "Best Fitness": 66.0, "Fitness Percentage": 0.8918918918918919, "Fitness Curve": [[46.0, 102.0], [46.0, 153.0], [50.0, 205.0], [50.0, 256.0], [50.0, 307.0], [50.0, 358.0], [50.0, 409.0], [50.0, 460.0], [52.0, 512.0], [52.0, 563.0], [52.0, 614.0], [52.0, 665.0], [52.0, 716.0], [52.0, 767.0], [52.0, 818.0], [53.0, 870.0], [54.0, 922.0], [54.0, 973.0], [54.0, 1024.0], [55.0, 1076.0], [55.0, 1127.0], [56.0, 1179.0], [58.0, 1231.0], [58.0, 1282.0], [58.0, 1333.0], [62.0, 1385.0], [62.0, 1436.0], [62.0, 1487.0], [62.0, 1538.0], [64.0, 1590.0], [64.0, 1641.0], [64.0, 1692.0], [64.0, 1743.0], [64.0, 1794.0], [66.0, 1846.0], [66.0, 1897.0], [66.0, 1948.0], [66.0, 1999.0], [66.0, 2050.0], [66.0, 2101.0], [66.0, 2152.0], [66.0, 2203.0], [66.0, 2254.0], [66.0, 2305.0], [66.0, 2356.0]], "Wall Clock Time": 0.10447072982788086}