{"Best State": [0, 0, 0, 0, 1, 0, 1, 0, 1, 1, 1, 1, 0, 1, 0, 0, 1, 0, 1, 0, 0, 0, 0, 0, 0], "Best Fitness": 6.0, "Fitness Percentage": 0.13043478260869565, "Fitness Curve": [[1.0, 1.0], [1.0, 2.0], [1.0, 3.0], [1.0, 4.0], [6.0, 6.0], [6.0, 7.0], [6.0, 8.0], [6.0, 9.0], [6.0, 10.0], [6.0, 11.0], [6.0, 12.0], [6.0, 13.0], [6.0, 14.0], [6.0, 15.0], [6.0, 16.0]], "Wall Clock Time": 0.0006110668182373047}