{"Best State": [0, 1, 1, 1, 1, 0, 1, 0, 0, 0, 1, 0, 0, 1, 1, 1, 0, 1, 0, 1, 1, 0, 1, 0, 1, 0, 1, 0, 1, 1, 0, 1, 0, 1, 0, 1, 0, 0, 1, 1, 1, 1, 0, 1, 1, 0, 0, 0, 1, 1, 1, 0, 1, 0, 0, 0, 0, 1, 0, 1, 0, 0, 1, 0, 1, 1, 0, 1, 1, 0, 0, 1, 0, 1, 1, 0, 1, 0, 0, 1, 0, 0, 0, 1, 0, 1, 0, 1, 0, 1, 1, 1, 1, 0, 1, 1, 0, 1, 0, 1, 0, 1, 0, 1, 0, 0, 0, 1, 0, 0, 0, 0, 1, 0, 1, 0, 1, 0, 1, 1, 1, 1, 1, 0, 1, 0, 0, 0, 1, 0, 1, 0, 1, 0, 1, 1, 0, 1, 0, 1, 0, 1, 0, 1, 0, 0, 1, 1, 1, 0, 0, 1, 1, 0, 0, 1, 0, 0, 0, 0, 1, 0, 1, 1, 0, 1, 1, 0, 1, 0, 0, 0, 0, 1, 1, 0, 0, 1, 0, 0, 0, 1, 0, 0, 1, 1, 0, 0, 1, 1, 0, 1, 0, 1, 0, 1, 1, 1, 1, 0], "Best Fitness": 128.0, "Fitness Percentage": 0.6432160804020101, "Fitness Curve": [[115.0, 36.0], [115.0, 37.0], [117.0, 39.0], [117.0, 40.0], [117.0, 41.0], [117.0, 42.0], [117.0, 43.0], [117.0, 44.0], [117.0, 45.0], [119.0, 47.0], [119.0, 48.0], [119.0, 49.0], [119.0, 50.0], [121.0, 52.0], [121.0, 53.0], [121.0, 54.0], [121.0, 55.0], [121.0, 56.0], [121.0, 57.0], [123.0, 59.0], [123.0, 60.0], [125.0, 62.0], [125.0, 63.0], [125.0, 64.0], [126.0, 66.0], [126.0, 67.0], [126.0, 68.0], [128.0, 70.0], [128.0, 71.0], [128.0, 72.0], [128.0, 73.0], [128.0, 74.0], [128.0, 75.0], [128.0, 76.0], [128.0, 77.0], [128.0, 78.0], [128.0, 79.0], [128.0, 80.0]], "Wall Clock Time": 0.0106658935546875}