{"Best State": [1, 0, 1, 0, 1, 1, 0, 1, 0, 1, 1, 0, 1, 0, 0, 1, 0, 0, 1, 0, 1, 0, 1, 0, 1], "Best Fitness": 20.0, "Fitness Percentage": 0.8333333333333334, "Fitness Curve": [[18.0, 102.0], [18.0, 153.0], [18.0, 204.0], [18.0, 255.0], [19.0, 307.0], [20.0, 359.0], [20.0, 410.0], [20.0, 461.0], [20.0, 512.0], [20.0, 563.0], [20.0, 614.0], [20.0, 665.0], [20.0, 716.0], [20.0, 767.0], [20.0, 818.0], [20.0, 869.0]], "Wall Clock Time": 0.027251005172729492}