{"Best State": [1, 1, 1, 1, 1, 1, 1, 1, 1, 1, 1, 1, 1, 1, 1, 1, 0, 1, 0, 0, 0, 0, 1, 0, 0, 0, 0, 1, 1, 0, 1, 0, 1, 1, 0, 1, 1, 0, 0, 1, 1, 0, 0, 0, 1, 0, 0, 0, 1, 0, 1, 0, 1, 0, 0, 0, 1, 0, 1, 0, 1, 0, 1, 1, 0, 1, 0, 0, 0, 1, 1, 0, 0, 0, 1, 0, 0, 1, 1, 0, 0, 0, 1, 0, 0, 1, 1, 1, 1, 0, 1, 1, 1, 0, 1, 0, 1, 1, 1, 1, 1, 0, 0, 1, 0, 0, 0, 0, 1, 1, 1, 1, 1, 0, 1, 1, 1, 1, 0, 1, 1, 0, 0, 0, 0, 0, 1, 0, 0, 1, 1, 1, 0, 1, 0, 0, 0, 0, 1, 0, 0, 1, 1, 0, 1, 0, 1, 1, 0, 0, 0, 1, 1, 0, 0, 0, 0, 0, 0, 0, 0, 0, 0, 0, 0, 0, 0, 0, 0, 0, 0, 0, 0, 0, 0], "Best Fitness": 22.0, "Fitness Percentage": 0.06811145510835913, "Fitness Curve": [[11.0, 402.0], [13.0, 604.0], [13.0, 805.0], [18.0, 1007.0], [18.0, 1208.0], [19.0, 1410.0], [19.0, 1611.0], [19.0, 1812.0], [20.0, 2014.0], [21.0, 2216.0], [21.0, 2417.0], [21.0, 2618.0], [21.0, 2819.0], [21.0, 3020.0], [21.0, 3221.0], [22.0, 3423.0], [22.0, 3624.0], [22.0, 3825.0], [22.0, 4026.0], [22.0, 4227.0], [22.0, 4428.0], [22.0, 4629.0], [22.0, 4830.0], [22.0, 5031.0], [22.0, 5232.0], [22.0, 5433.0]], "Wall Clock Time": 158.28508019447327}