{"Best State": [0, 1, 0, 0, 1, 0, 1, 0, 1, 0, 1, 0, 1, 0, 1, 1, 0, 1, 0, 1, 0, 1, 0, 1, 0, 1, 0, 1, 0, 1, 0, 1, 0, 1, 0, 1, 0, 0, 1, 0, 1, 0, 1, 0, 1, 0, 1, 0, 1, 0, 1, 0, 0, 1, 0, 1, 0, 1, 0, 1, 0, 0, 1, 0, 1, 0, 1, 0, 1, 1, 0, 1, 0, 1, 0, 1, 0, 1, 0, 0, 1, 0, 1, 0, 1, 0, 1, 0, 1, 0, 0, 1, 0, 1, 0, 1, 0, 1, 0, 0, 1, 0, 1, 0, 1, 1, 0, 1, 0, 1, 0, 1, 0, 1, 0, 1, 0, 1, 0, 1, 0, 1, 0, 1, 0, 1, 0, 1, 0, 1, 0, 1, 0, 1, 0, 1, 0, 1, 0, 1, 0, 1, 1, 0, 1, 0, 1, 0, 1, 0, 1, 0, 1, 0, 0, 1, 0, 1, 0, 1, 0, 1, 0, 1, 1, 0, 1, 1, 0, 1, 0, 1, 0, 1, 0, 0, 1, 0, 1, 0, 1, 1, 0, 0, 1, 0, 1, 0, 1, 0, 1, 0, 1, 0, 1, 0, 0, 1, 1, 0], "Best Fitness": 180.0, "Fitness Percentage": 0.9045226130653267, "Fitness Curve": [[119.0, 402.0], [122.0, 604.0], [123.0, 806.0], [123.0, 1007.0], [129.0, 1209.0], [130.0, 1411.0], [134.0, 1613.0], [140.0, 1815.0], [142.0, 2017.0], [142.0, 2218.0], [147.0, 2420.0], [150.0, 2622.0], [158.0, 2824.0], [162.0, 3026.0], [164.0, 3228.0], [170.0, 3430.0], [172.0, 3632.0], [174.0, 3834.0], [178.0, 4036.0], [178.0, 4237.0], [180.0, 4439.0], [180.0, 4640.0], [180.0, 4841.0], [180.0, 5042.0], [180.0, 5243.0], [180.0, 5444.0], [180.0, 5645.0], [180.0, 5846.0], [180.0, 6047.0], [180.0, 6248.0], [180.0, 6449.0]], "Wall Clock Time": 235.7237229347229}