{"Training F1-Score": [0.800796812749004, 0.8016528925619835, 0.8356997971602435, 0.8406374501992032, 0.8191881918819189, 0.7716186252771617, 0.8266129032258065, 0.6886446886446886, 0.7703435804701627, 0.45161290322580644], "Testing F1-Score": [0.7927565392354124, 0.754880694143167, 0.8198019801980198, 0.81947261663286, 0.7729831144465291, 0.7595505617977528, 0.7942973523421589, 0.6516853932584271, 0.7608695652173912, 0.5100286532951289], "Fitness Curve": [[-1.6733940605656812, -1.8549084047957363, -0.637236022965774, -0.567655413628657, -0.5449173100037235, -0.5277191564590338, -0.5129703736582831, -0.4996410238761389], [-0.9794284180978932, -0.7279270574509301, -0.6052800723213888, -0.5808124155274604, -0.5626495186944246, -0.5456499493123618, -0.5295353519839484, -0.5133448252241044], [-1.0753727870340806, -0.7029018354634916, -0.5010037442381896, -0.4635484723693283, -0.4555322940566955, -0.448842511074596, -0.4426281481663336, -0.4369064574096459], [-0.7422769765935503, -0.6118065272639985, -0.5667379650402989, -0.5469454350810631, -0.5168703113256624, -0.4855636913397369, -0.45322409514355455, -0.4222308629103761], [-0.701546476094649, -0.6376372773428168, -0.605835919306241, -0.5833003887311888, -0.5649536223451952, -0.5482395330197419, -0.5325134435341874, -0.5179968246977464], [-2.7384218003627, -2.015156794283666, -1.0566604605323997, -0.596892670287843, -0.5729916894936805, -0.5514840623221399, -0.5317432021692149, -0.5143545917812655], [-0.8285406940905884, -0.6628109826053228, -0.5780516044316114, -0.5454751080025876, -0.5133749894245907, -0.48698222273523134, -0.46742709273613375, -0.4502957385506939], [-2.799061563327127, -4.5970639716328, -0.9564412747631992, -0.7356579314128056, -0.69997786819634, -0.6816200547462917, -0.6687548763349812, -0.6566908858332219], [-0.6845720000516817, -2.1472768367965953, -1.4511800573831637, -0.6738575080077853, -0.652810805265179, -0.6336634065294781, -0.6142206399879276, -0.5938886120831789], [-1.8008074605643292, -0.8553995972400416, -0.6505923251924105, -0.6295929264111237, -0.6153487241556159, -0.6030004557748316, -0.5926573740778545, -0.5832498776662955]], "Wall Clock Time": [0.008344650268554688, 0.007265806198120117, 0.0072116851806640625, 0.007131099700927734, 0.0073049068450927734, 0.007246732711791992, 0.007301807403564453, 0.007241964340209961, 0.007314920425415039, 0.0073261260986328125]}