{"Best State": [1, 1, 1, 1, 1, 1, 1, 1, 1, 1, 1, 1, 1, 1, 1, 0, 1, 1, 0, 1, 1, 0, 1, 1, 1, 1, 0, 1, 1, 1, 1, 1, 0, 1, 1, 0, 0, 1, 1, 0, 0, 0, 1, 1, 1, 0, 0, 1, 0, 1, 0, 0, 0, 0, 0, 0, 0, 1, 1, 0, 0, 1, 0, 1, 0, 1, 0, 0, 1, 1, 1, 1, 0, 1, 1, 1, 1, 0, 0, 0, 0, 0, 0, 1, 0, 0, 1, 1, 0, 1, 1, 1, 0, 1, 1, 0, 0, 1, 1, 1, 1, 0, 0, 1, 1, 0, 0, 0, 0, 0, 0, 1, 0, 1, 1, 0, 0, 1, 0, 1, 0, 0, 0, 0, 1, 0, 1, 0, 1, 0, 1, 0, 1, 0, 1, 1, 0, 1, 1, 1, 1, 0, 0, 0, 0, 0, 0, 0, 0, 0], "Best Fitness": 15.0, "Fitness Percentage": 0.05415162454873646, "Fitness Curve": [[8.0, 102.0], [8.0, 153.0], [8.0, 204.0], [8.0, 255.0], [8.0, 306.0], [9.0, 358.0], [14.0, 410.0], [14.0, 461.0], [14.0, 512.0], [14.0, 563.0], [15.0, 615.0], [15.0, 666.0], [15.0, 717.0], [15.0, 768.0], [15.0, 819.0], [15.0, 870.0], [15.0, 921.0], [15.0, 972.0], [15.0, 1023.0], [15.0, 1074.0], [15.0, 1125.0]], "Wall Clock Time": 0.03128385543823242}