{"Best State": [1, 1, 1, 1, 0, 1, 0, 0, 0, 0, 1, 1, 0, 0, 1, 0, 1, 1, 0, 1, 0, 1, 0, 0, 1, 0, 0, 1, 0, 1, 0, 1, 0, 1, 0, 0, 1, 0, 0, 0, 1, 0, 0, 0, 0, 0, 0, 1, 0, 0, 1, 1, 1, 0, 1, 0, 1, 1, 1, 1, 1, 1, 1, 1, 1, 0, 0, 1, 0, 1, 0, 1, 0, 0, 1, 0, 1, 1, 1, 0, 0, 1, 1, 0, 1, 1, 0, 1, 0, 0, 1, 0, 1, 0, 1, 1, 0, 1, 1, 1, 0, 0, 0, 0, 0, 0, 1, 0, 0, 1, 0, 0, 1, 0, 1, 1, 1, 0, 1, 0, 0, 1, 0, 1, 1, 1, 0, 1, 0, 1, 0, 0, 1, 0, 1, 1, 0, 1, 1, 1, 0, 1, 0, 0, 1, 0, 0, 1, 0, 0, 0, 1, 0, 0, 0, 0, 0, 1, 0, 1, 1, 1, 1, 0, 1, 0, 1, 1, 0, 1, 0, 0, 1, 1, 1, 0, 0, 1, 0, 1, 1, 1, 1, 0, 1, 1, 0, 0, 1, 0, 1, 0, 1, 0, 0, 0, 1, 1, 0, 1, 1, 1, 1, 1, 0, 0, 1, 0, 1, 0, 1, 1, 0, 0, 0, 1, 0, 1, 0, 0, 0, 0, 1, 1, 1, 0, 1, 1, 0, 1, 0, 1, 1, 1, 0, 1, 1, 1, 0, 1, 1, 0, 0, 1, 1, 0, 1, 1, 0, 0], "Best Fitness": 145.0, "Fitness Percentage": 0.5823293172690763, "Fitness Curve": [[123.0, 92.0], [125.0, 94.0], [125.0, 95.0], [127.0, 97.0], [127.0, 98.0], [129.0, 100.0], [129.0, 101.0], [129.0, 102.0], [129.0, 103.0], [129.0, 104.0], [129.0, 105.0], [129.0, 106.0], [131.0, 108.0], [133.0, 110.0], [133.0, 111.0], [135.0, 113.0], [135.0, 114.0], [135.0, 115.0], [137.0, 117.0], [137.0, 118.0], [137.0, 119.0], [139.0, 121.0], [139.0, 122.0], [139.0, 123.0], [139.0, 124.0], [139.0, 125.0], [139.0, 126.0], [139.0, 127.0], [139.0, 128.0], [139.0, 129.0], [141.0, 131.0], [141.0, 132.0], [141.0, 133.0], [143.0, 135.0], [145.0, 137.0], [145.0, 138.0], [145.0, 139.0], [145.0, 140.0], [145.0, 141.0], [145.0, 142.0], [145.0, 143.0], [145.0, 144.0], [145.0, 145.0], [145.0, 146.0], [145.0, 147.0]], "Wall Clock Time": 0.011035919189453125}