{"Training F1-Score": [0.6390870185449358, 0.393939393939394, 0.0234375, 0.5902255639097744, 0.6032210834553441, 0.19787985865724383, 0.00749063670411985, 0.0, 0.6666666666666666, 0.2716627634660422], "Testing F1-Score": [0.627906976744186, 0.40888888888888886, 0.0, 0.6142595978062158, 0.5964912280701755, 0.199288256227758, 0.0293040293040293, 0.0, 0.6631016042780749, 0.23671497584541062], "Fitness Curve": [[[0.8275718452692463, 1.0], [0.8275718452692463, 2.0], [0.8205596162008375, 4.0], [0.8205383283274033, 6.0], [0.7945368558939117, 8.0], [0.7945368558939117, 9.0], [0.7906769908510466, 11.0], [0.7846684213080943, 13.0], [0.7760421127007203, 15.0], [0.7760421127007203, 16.0], [0.7760421127007203, 17.0], [0.7760421127007203, 18.0], [0.7649009250598501, 20.0], [0.7649009250598501, 21.0], [0.7647421004938826, 23.0], [0.7647421004938826, 24.0], [0.7647421004938826, 25.0], [0.7647421004938826, 26.0], [0.7629536288710397, 28.0], [0.7629536288710397, 29.0], [0.7629536288710397, 30.0], [0.7629536288710397, 31.0], [0.7629536288710397, 32.0], [0.7629536288710397, 33.0], [0.7629536288710397, 34.0], [0.7629536288710397, 35.0], [0.762931725773468, 37.0], [0.7613921657145886, 39.0], [0.7613752314404884, 41.0], [0.7610955842107934, 43.0], [0.7610955842107934, 44.0], [0.7610891943503304, 46.0]], [[0.800490485947929, 2.0], [0.800490485947929, 3.0], [0.800490485947929, 4.0], [0.800490485947929, 5.0], [0.800490485947929, 6.0], [0.7952563378459057, 8.0], [0.7952563378459057, 9.0], [0.7897397940987634, 11.0], [0.7897397940987634, 12.0], [0.7897397940987634, 13.0], [0.7867900782831859, 15.0], [0.7867900782831859, 16.0], [0.7867900782831859, 17.0], [0.7867900782831859, 18.0], [0.7867900782831859, 19.0], [0.7849323967583546, 21.0], [0.7849323967583546, 22.0], [0.7849323967583546, 23.0], [0.7847296524158525, 25.0], [0.7847296524158525, 26.0], [0.7847296524158525, 27.0], [0.784150592624148, 29.0], [0.7838060848655954, 31.0], [0.7838060848655954, 32.0], [0.783689932393419, 34.0], [0.7818620990545323, 36.0], [0.7808245632905612, 38.0], [0.7796164120388613, 40.0], [0.7795675831194264, 42.0], [0.7790672235004203, 44.0], [0.7790672235004203, 45.0], [0.7790672235004203, 46.0]], [[1.6002588681941539, 2.0], [1.6002588681941539, 3.0], [1.5740878577779918, 5.0], [1.5640491119571887, 7.0], [1.5640491119571887, 8.0], [1.5640491119571887, 9.0], [1.551967009876424, 11.0], [1.5455138287109689, 13.0], [1.5408059883018514, 15.0], [1.5408059883018514, 16.0], [1.5408059883018514, 17.0], [1.5408059883018514, 18.0], [1.5364377566104581, 20.0], [1.5363192235565601, 22.0], [1.5363192235565601, 23.0], [1.5337734870822068, 25.0], [1.531570300029111, 27.0], [1.531570300029111, 28.0], [1.531570300029111, 29.0], [1.531570300029111, 30.0], [1.531570300029111, 31.0], [1.531570300029111, 32.0], [1.531570300029111, 33.0], [1.531570300029111, 34.0], [1.5219404698595405, 36.0], [1.5198243904162405, 38.0], [1.5198243904162405, 39.0], [1.5198243904162405, 40.0], [1.5198243904162405, 41.0], [1.5198243904162405, 42.0], [1.5155972685603942, 44.0], [1.5155972685603942, 45.0]], [[0.8525723143821753, 1.0], [0.8525723143821753, 2.0], [0.8514001832754695, 4.0], [0.8514001832754695, 5.0], [0.8514001832754695, 6.0], [0.8514001832754695, 7.0], [0.8514001832754695, 8.0], [0.8511554122827327, 10.0], [0.8511554122827327, 11.0], [0.8511554122827327, 12.0], [0.8511554122827327, 13.0], [0.8511554122827327, 14.0], [0.850664714153982, 16.0], [0.850664714153982, 17.0], [0.850664714153982, 18.0], [0.850664714153982, 19.0], [0.8506175162019917, 21.0], [0.8506175162019917, 22.0], [0.8478858576136373, 24.0], [0.8478858576136373, 25.0], [0.8478858576136373, 26.0], [0.8478858576136373, 27.0], [0.8478858576136373, 28.0], [0.8466871510581945, 30.0], [0.8466871510581945, 31.0], [0.8466560575213218, 33.0], [0.8466560575213218, 34.0], [0.8337943347174589, 36.0], [0.8327597738862946, 38.0], [0.8327597738862946, 39.0], [0.8327597738862946, 40.0], [0.8322272788159063, 42.0]], [[1.1285972249838456, 1.0], [1.1285972249838456, 2.0], [1.1285972249838456, 3.0], [1.1285972249838456, 4.0], [1.1285972249838456, 5.0], [1.127596022488101, 7.0], [1.127596022488101, 8.0], [1.1247071628957337, 10.0], [1.1246181977651464, 12.0], [1.1241969260344524, 14.0], [1.1240803437135847, 16.0], [1.0644674378852137, 18.0], [1.0644674378852137, 19.0], [1.0636470013175838, 21.0], [1.0636302123807841, 23.0], [1.0636302123807841, 24.0], [1.0484381734876054, 26.0], [1.0474640823458796, 28.0], [1.03007944389274, 30.0], [1.03007944389274, 31.0], [1.03007944389274, 32.0], [1.02960543143928, 34.0], [1.02960543143928, 35.0], [1.02960543143928, 36.0], [1.0276093775325763, 38.0], [1.0190847559663898, 40.0], [1.0138322301225395, 42.0], [1.0138322301225395, 43.0], [1.0138322301225395, 44.0], [1.0137038541125734, 46.0], [1.013162942168531, 48.0], [1.013162942168531, 49.0]], [[1.2563912113013211, 1.0], [1.2563912113013211, 2.0], [1.2524011659730865, 4.0], [1.2447647387159957, 6.0], [1.229378097611832, 8.0], [1.229378097611832, 9.0], [1.229378097611832, 10.0], [1.217263429685127, 12.0], [1.216916680366965, 14.0], [1.216916680366965, 15.0], [1.216644087500204, 17.0], [1.216644087500204, 18.0], [1.2127575623965134, 20.0], [1.2127575623965134, 21.0], [1.212007593439273, 23.0], [1.2110556247213844, 25.0], [1.2110556247213844, 26.0], [1.1890856878801013, 28.0], [1.1890856878801013, 29.0], [1.181722334088683, 31.0], [1.1776132789736586, 33.0], [1.1739418043761685, 35.0], [1.1466407201042703, 37.0], [1.1466407201042703, 38.0], [1.146037118418974, 40.0], [1.146037118418974, 41.0], [1.146037118418974, 42.0], [1.146037118418974, 43.0], [1.146037118418974, 44.0], [1.146037118418974, 45.0], [1.146037118418974, 46.0], [1.146037118418974, 47.0]], [[1.1399021664716225, 2.0], [1.1399021664716225, 3.0], [1.1399021664716225, 4.0], [1.1399021664716225, 5.0], [1.1399021664716225, 6.0], [1.1374755043084943, 8.0], [1.1374755043084943, 9.0], [1.1366519386082143, 11.0], [1.1366519386082143, 12.0], [1.1366519386082143, 13.0], [1.1305413365758294, 15.0], [1.1305413365758294, 16.0], [1.1305346973751151, 18.0], [1.1305346973751151, 19.0], [1.129839436076322, 21.0], [1.129839436076322, 22.0], [1.1294313420991988, 24.0], [1.1294313420991988, 25.0], [1.1294313420991988, 26.0], [1.1294313420991988, 27.0], [1.1289328178126392, 29.0], [1.1289328178126392, 30.0], [1.1289328178126392, 31.0], [1.1281650647815156, 33.0], [1.1270362907913243, 35.0], [1.1270362907913243, 36.0], [1.1267015224065753, 38.0], [1.1267015224065753, 39.0], [1.1140897304607964, 41.0], [1.1123558522616632, 43.0], [1.112264479212273, 45.0], [1.10921256238254, 47.0]], [[1.7140032456403382, 1.0], [1.7140032456403382, 2.0], [1.7140032456403382, 3.0], [1.7140032456403382, 4.0], [1.7109598275881417, 6.0], [1.7109598275881417, 7.0], [1.7109598275881417, 8.0], [1.7109598275881417, 9.0], [1.7109598275881417, 10.0], [1.71049068747908, 12.0], [1.71049068747908, 13.0], [1.6962305052601212, 15.0], [1.6962305052601212, 16.0], [1.6962305052601212, 17.0], [1.650018228341363, 19.0], [1.6409415634696563, 21.0], [1.6409415634696563, 22.0], [1.6408746912742918, 24.0], [1.6384017156184063, 26.0], [1.6384017156184063, 27.0], [1.6384017156184063, 28.0], [1.6384017156184063, 29.0], [1.6384017156184063, 30.0], [1.6384017156184063, 31.0], [1.638316866766515, 33.0], [1.5889302545748791, 35.0], [1.5805350085227792, 37.0], [1.5805013300644284, 39.0], [1.5805013300644284, 40.0], [1.5805013300644284, 41.0], [1.5805013300644284, 42.0], [1.5805013300644284, 43.0]], [[2.1144419937846406, 1.0], [2.1144419937846406, 2.0], [2.092129654189407, 4.0], [2.0813589397001135, 6.0], [2.0813589397001135, 7.0], [2.0813589397001135, 8.0], [2.0813564877520294, 10.0], [2.0813564877520294, 11.0], [2.0813564877520294, 12.0], [2.0548934234701197, 14.0], [2.0541641718648465, 16.0], [2.053996241627053, 18.0], [2.053996241627053, 19.0], [2.053996241627053, 20.0], [2.01369000536985, 22.0], [2.01369000536985, 23.0], [2.01369000536985, 24.0], [2.01369000536985, 25.0], [2.01369000536985, 26.0], 